Country Name,2000,2001,2002,2003,2004,2005,2006,2007,2008,2009,2010,2011,2012,2013,2014,2015,2000-15,ISO
Albania,0.066666205,0.079403314,0.04231371,0.057734906,0.057095566,0.0572082,0.054310127,0.059,0.0753,0.0335,0.0371,0.0255,0.0142,0.0111,0.018,0.0259,0.879598529,ALB
Algeria,0.038200092,0.03008404,0.056089884,0.07201605,0.043020105,0.059076662,0.016843348,0.033730159,0.023601089,0.016320824,0.036341078,0.02891934,0.033749525,0.027672963,0.037891858,0.03763485,0.727272727,DZA
Andorra,0.011657871,0.060667806,0.064268452,0.120239197,0.080695043,0.078397045,0.045853106,0.000780394,-0.08594256,-0.03817986,-0.053479772,-0.04802675,-0.017600103,-0.000635143,,,,AND
Angola,0.030120762,0.042209651,-0.069404616,0.052474945,0.108795775,0.182614503,0.207351249,0.225930543,0.138171458,0.024128697,0.034076548,0.03918597,0.051554405,0.068135858,0.04804175,0.030073548,2.011407073,AGO
Antigua and Barbuda,0.06084635,-0.051961664,0.010877197,0.061105395,0.05811431,0.062872837,0.128049608,0.092896144,0.000476764,-0.12035555,-0.070417247,-0.01763273,0.038374698,-0.002000917,0.046027934,0.041269971,0.27900073,ATG
Argentina,-0.00788834,-0.044088646,-0.108945322,0.088368527,0.090296899,0.088515412,0.080472277,0.090078094,0.040571596,-0.059186504,0.101253779,0.060041027,-0.010263616,0.024052037,-0.025126169,0.026472424,0.501650165,ARG
Armenia,0.059,0.095566415,0.131863005,0.140407951,0.104678419,0.138657113,0.131980035,0.13749202,0.069,-0.141499886,0.022,0.047,0.072,0.033,0.036,0.03,1.657764506,ARM
Australia,0.038678166,0.019300744,0.038529609,0.03068277,0.041457012,0.03203595,0.029777012,0.037502689,0.03697631,0.018119695,0.020064263,0.023729525,0.03634188,0.025698545,0.026091921,0.024213834,0.546635183,AUS
Austria,0.033684742,0.013505028,0.016557973,0.007562103,0.02705709,0.021409272,0.033506775,0.036214888,0.015474006,-0.037992496,0.019288035,0.028079608,0.007458203,0.001242079,0.00644734,0.009632383,0.223214286,AUT
Azerbaijan,0.110999993,0.099,0.105999992,0.112000002,0.102000004,0.264000008,0.344999995,0.250489995,0.107724208,0.094106538,0.048543393,0.000659228,0.022000002,0.057966784,0.02,0.010999998,3.489799114,AZE
"Bahamas, The",0.041492464,0.026256271,0.027046295,-0.012647446,0.008828842,0.033952927,0.025168638,0.014465222,-0.023241724,-0.041809198,0.015470052,0.006119792,0.030801087,0.000125549,-0.005272408,-0.016532055,0.088725772,BHS
Bahrain,0.052999948,0.024910336,0.036141483,0.060239512,0.06980947,0.067689397,0.064685677,0.082924438,0.062451283,0.025397725,0.043344071,0.019838233,0.037322515,0.054165037,0.043498423,0.028619678,1.017479394,BHR
Bangladesh,0.052932947,0.050772878,0.038331239,0.047395674,0.052395329,0.065359449,0.066718683,0.070586362,0.060142819,0.050446845,0.055716837,0.06464317,0.065215797,0.060136918,0.060607372,0.06553195,1.34281281,BGD
Barbados,0.044530595,-0.023673388,0.00791123,0.021712538,0.014067644,0.039649744,0.056685909,0.017642844,0.003960222,-0.040410238,0.002649128,0.007561953,0.002983995,-0.000721241,0.000631541,0.009016319,0.122579998,BRB
Belarus,0.058,0.04725306,0.050452673,0.070431927,0.114497429,0.094,0.1,0.086,0.102,0.002,0.07793696,0.055437115,0.017313912,0.010239848,0.01723086,-0.038295706,1.166315407,BLR
Belgium,0.0363376,0.008116187,0.017801792,0.007744649,0.036348461,0.020945973,0.024989973,0.033974737,0.007474467,-0.022852637,0.026952924,0.017965087,0.001371293,-0.00062283,0.016461498,0.014760951,0.230024213,BEL
Belize,0.130387621,0.05015663,0.051185594,0.093265379,0.04650468,0.02578742,0.045825603,0.011043108,0.03228495,0.007131178,0.033244422,0.021039508,0.038247487,0.013140792,0.04081034,0.022994162,0.682802922,BLZ
Benin,0.058599921,0.053304109,0.0464447,0.034440448,0.04429629,0.017115776,0.039470137,0.059865155,0.048933939,0.023192269,0.021168501,0.029627504,0.048102834,0.071930965,0.06357521,0.02094458,0.83677657,BEN
Bermuda,0.093171556,0.07222436,-0.014777904,0.034107062,0.023212665,0.016742071,0.055438659,0.028458901,0.015278939,-0.052841771,-0.020941135,-0.033394944,-0.048345402,-0.025111544,,,,BMU
Bhutan,0.069330242,0.082037739,0.107278406,0.07664334,0.058964082,0.071225596,0.06849366,0.179258248,0.047683543,0.066572238,0.117308544,0.078909139,0.050717098,0.021424966,0.057454551,0.064913706,2.001656038,BTN
Bolivia,0.025078108,0.016837991,0.024855657,0.027113398,0.041732956,0.044214331,0.047970088,0.045642849,0.061485977,0.033570013,0.041267226,0.052040927,0.051222747,0.067960117,0.054605698,0.048571879,0.90369896,BOL
Bosnia and Herzegovina,0.055000004,0.043999995,0.053000003,0.040000001,0.060999998,0.087582303,0.053784768,0.057287569,0.054815079,-0.028698813,0.007672542,0.00908248,-0.009331876,0.02394192,0.010818757,0.030159214,0.617492449,BIH
Botswana,0.019876958,0.002505739,0.060695309,0.046258948,0.027058217,0.045566457,0.083638711,0.082767638,0.062454374,-0.076523102,0.085636318,0.060483164,0.044561672,0.113434242,0.041492527,-0.016999361,0.885455408,BWA
Brazil,0.041125087,0.013894756,0.0305367,0.011407388,0.057598996,0.032022469,0.039621366,0.060695239,0.050942461,-0.001259232,0.075284049,0.039744304,0.019210506,0.030049812,0.005039152,-0.03769287,0.512987013,BRA
Brunei Darussalam,0.028494219,0.027440405,0.03872097,0.029039555,0.005043183,0.003875072,0.043977197,0.001545818,-0.019397146,-0.017645355,0.025989657,0.037453184,0.009128417,-0.021260285,-0.023497468,-0.005668146,0.139213585,BRN
Bulgaria,0.050109494,0.042480253,0.060181223,0.050775222,0.065555665,0.07236193,0.067531339,0.076753507,0.056470054,-0.04219727,0.000545579,0.01915018,0.000309436,0.008620927,0.013288497,0.036174426,0.66728128,BGR
Burkina Faso,0.018202419,0.066133995,0.043530043,0.078024399,0.044784743,0.086618616,0.062531586,0.056550051,0.072944982,0.029620144,0.084463252,0.065217694,0.064526748,0.028146631,0.041859447,0.039980224,1.313314991,BFA
Burundi,-0.00856864,0.020558071,0.044465194,-0.01223728,0.048336578,0.009,0.053846574,0.04785832,0.050481188,0.034684254,0.037859025,0.041916257,0.040193655,0.045940542,0.046609182,-0.039049194,0.581722811,BDI
Cabo Verde,0.142848688,0.022316545,0.052508912,0.041762594,0.101970725,0.06912458,0.079837504,0.15170688,0.066505205,-0.01270426,0.014667901,0.039688863,0.010819183,0.008027976,0.006112127,0.010660461,0.890226932,CPV
Cambodia,0.087674715,0.081483861,0.065789395,0.085058955,0.103405288,0.132500869,0.107710837,0.102125739,0.066915775,0.00086697,0.059630786,0.070695699,0.073133455,0.074279001,0.070715254,0.070360872,2.054063635,KHM
Cameroon,0.04173581,0.045142711,0.040090446,0.040309933,0.037018541,0.022968529,0.03224003,0.032556645,0.028840462,0.019318506,0.032686489,0.041405918,0.045887387,0.055616881,0.05926965,0.057732476,0.783909944,CMR
Canada,0.051825973,0.017702608,0.03010589,0.018022946,0.030857908,0.032012402,0.026237595,0.020626003,0.010001253,-0.029495836,0.03083312,0.031416955,0.01745035,0.024752095,0.0256527,0.009417794,0.343283582,CAN
Central African Republic,-0.024894324,0.04464739,0.036165422,-0.053974852,0.059948842,0.009082105,0.047710855,0.046075348,0.02054131,0.017092393,0.030466347,0.033007191,0.041127979,-0.366999524,0.01040018,0.047998861,-0.074433019,CAF
Chad,-0.00879681,0.116581347,0.084912098,0.14721667,0.336293718,0.173325337,0.00648262,0.032714996,0.030526915,0.042176955,0.135501009,0.000828698,0.088825761,0.057000014,0.06899985,0.017999995,2.462138112,TCD
Chile,0.053274059,0.033025428,0.031072084,0.040912841,0.072094112,0.057425766,0.063175743,0.049050371,0.035295976,-0.015642282,0.058444043,0.061106078,0.053188553,0.040450239,0.019094469,0.022524975,0.827586207,CHL
China,0.084913118,0.083398895,0.091308564,0.100353504,0.101113944,0.113955927,0.127195821,0.142313963,0.096543517,0.093997441,0.106361294,0.095364078,0.078563091,0.077575932,0.072977438,0.069001559,2.977678571,CHN
Colombia,0.044200214,0.016780005,0.025040747,0.03918314,0.053328089,0.047067181,0.066974867,0.069007121,0.035467672,0.01651514,0.039716867,0.065894822,0.040440491,0.048739723,0.043937247,0.03052077,0.869791667,COL
Comoros,0.108480749,0.023329365,0.023247793,0.02104102,0.019196024,0.028374078,0.026468999,0.008001528,0.004002669,0.0195,0.022,0.026000001,0.03,0.035,0.020616395,0.010151185,0.367735623,COM
"Congo, Dem. Rep.",-0.069109273,-0.02100173,0.029477652,0.055778223,0.067383739,0.061351512,0.053209811,0.062594698,0.062259003,0.028550601,0.070788894,0.0686463,0.071578596,0.085035033,0.095099636,0.0688273,1.295391687,ZAR
"Congo, Rep.",0.075759804,0.038026019,0.045818701,0.008132641,0.034766316,0.07755759,0.06235997,-0.015822227,0.055722642,0.07468878,0.087516558,0.034206213,0.037999959,0.034407053,0.06779941,0.026464479,0.916056559,COG
Costa Rica,0.03734533,0.034904694,0.032917532,0.042554763,0.043365751,0.038708731,0.072377328,0.081678961,0.046495985,-0.009705483,0.049518638,0.043071017,0.047969199,0.022690274,0.036568036,0.047232667,0.84918712,CRI
Cote d'Ivoire,-0.020684001,0.001213719,-0.016676421,-0.013595359,0.012317728,0.017212474,0.015158424,0.017650368,0.025428415,0.032514537,0.020176386,-0.043872548,0.107065041,0.088894213,0.087940774,0.091633807,0.527470819,CIV
Croatia,0.037674962,0.034344044,0.052464745,0.05557907,0.040828107,0.041638409,0.047851209,0.05150005,0.020533655,-0.07383783,-0.017012498,-0.002812627,-0.021874292,-0.010639211,-0.004917575,0.016414421,0.244762903,HRV
Cuba,0.0591476,0.031850299,0.014248213,0.037927402,0.057705381,0.112016566,0.12065863,0.07262137,0.04116828,0.014513054,0.023903523,0.028023008,0.030149003,0.027476026,0.010475766,0.044383336,0.907311815,CUB
Cyprus,0.057244017,0.03600665,0.033991044,0.024758695,0.045703035,0.037243177,0.045101833,0.048207105,0.038639661,-0.017724507,0.013177778,0.00321196,-0.031577777,-0.059527479,-0.015314516,0.016792737,0.233425699,CYP
Czech Republic,0.042940476,0.030514541,0.016468342,0.03602161,0.049476394,0.064422051,0.068764537,0.055293644,0.027108608,-0.048417964,0.022947839,0.02004676,-0.007998447,-0.004835853,0.027150971,0.045356896,0.483443709,CZE
Denmark,0.037470864,0.00823215,0.004662826,0.003899655,0.026683726,0.023366137,0.039130885,0.009091156,-0.005121206,-0.049065856,0.018710394,0.013369773,0.002264787,0.00933222,0.016759015,0.016062666,0.144295302,DNK
Djibouti,0.004162139,0.020477644,0.026185623,0.031999594,0.038264761,0.031696012,0.047998647,0.051000614,0.057999626,0.05032627,0.034869175,0.044675146,0.048423795,0.049999073,0.060001944,0.065005083,0.903676229,DJI
Dominica,0.00375311,0.00473103,-0.017531603,0.076872131,0.032501442,-0.000882424,0.029296875,0.063210057,0.071207419,-0.011697572,0.006725427,-0.002310113,-0.010697904,0.007706407,0.041869631,-0.01762145,0.302041361,DMA
Dominican Republic,0.056566049,0.018092295,0.057882073,-0.002533588,0.013119582,0.092627501,0.106711548,0.087104141,0.032095043,0.009461552,0.083170677,0.031019173,0.027939104,0.047420642,0.076089648,0.070409362,1.064529517,DOM
Ecuador,0.010918016,0.040156299,0.040967767,0.027228773,0.082110209,0.052913083,0.044035264,0.02190064,0.063571306,0.005664916,0.035252987,0.078681409,0.056419621,0.049465113,0.039927085,0.001577437,0.864843541,ECU
"Egypt, Arab Rep.",0.053681266,0.035355202,0.023700241,0.031925052,0.040901167,0.044788714,0.068535633,0.070908031,0.071574047,0.046736256,0.051451409,0.017799057,0.02215599,0.021851396,0.029162512,0.043719361,0.838235294,EGY
El Salvador,0.021526525,0.017089364,0.023408227,0.023000383,0.018505356,0.035628145,0.039119486,0.038397652,0.012738986,-0.031330565,0.013653467,0.022167205,0.018810612,0.01846648,0.014254757,0.022987705,0.326240871,SLV
Equatorial Guinea,0.1821378,0.633798754,0.19462834,0.139552503,0.379987269,0.167487006,0.077049176,0.152821139,0.177991091,0.013433563,-0.089241759,0.065239236,0.083128718,-0.041331925,-0.006945334,-0.091287541,3.828651271,GNQ
Eritrea,-0.031419858,0.087554352,0.030054292,-0.026555158,0.014517355,0.025744495,-0.009692169,0.014268221,-0.0978303,0.038765016,0.021941905,0.086797999,,,,,,ERI
Estonia,0.105680749,0.063287105,0.060763947,0.074161634,0.062947462,0.093737115,0.102718841,0.077481924,-0.054194559,-0.147244039,0.022590759,0.075973002,0.04307259,0.014152143,0.02822907,0.014442158,0.638713736,EST
Ethiopia,0.060732175,0.083013063,0.015147257,-0.021613597,0.135726032,0.118187659,0.108347271,0.11456167,0.107885217,0.088025532,0.125505383,0.111782962,0.086478116,0.1058227,0.10257493,0.10392463,2.722175529,ETH
Fiji,-0.016999985,0.019999995,0.032000005,0.009999985,0.053000003,0.007000004,0.018524831,-0.008506535,0.010327942,-0.013860375,0.029546721,0.02705143,0.018834767,0.060804938,0.054464693,0.055634602,0.442927574,FJI
Finland,0.056349042,0.025804757,0.016803006,0.019941207,0.039259788,0.027802257,0.040550082,0.051846706,0.007207809,-0.08269123,0.029925187,0.025706215,-0.014262108,-0.007579477,-0.006318219,0.002687443,0.186602871,FIN
France,0.038748091,0.019544168,0.011185701,0.008197263,0.027864678,0.016075695,0.023747738,0.023614861,0.001955598,-0.029415064,0.019658604,0.02079083,0.001828363,0.005759547,0.009476932,0.010676079,0.182978723,FRA
Gabon,-0.018829664,0.021352334,-0.002490332,0.0224733,0.006895431,0.039007055,-0.036346374,0.056589524,-0.033084306,0.001303311,0.070898873,0.070917533,0.052510769,0.05638414,0.043148771,0.038792576,0.484420908,GAB
"Gambia, The",0.055000002,0.058000002,-0.032500003,0.068699998,0.070499999,-0.009416759,0.011240997,0.036310255,0.057346419,0.064496959,0.065246326,-0.043286689,0.058622303,0.047809078,0.008774607,0.047158792,0.633947235,GMB
Georgia,0.018383418,0.048054521,0.054738381,0.110581021,0.058573298,0.095996408,0.093832763,0.123439999,0.023140474,-0.036501013,0.062494182,0.072215232,0.063504827,0.033870438,0.046233317,0.028803185,1.326329554,GEO
Germany,0.029620572,0.016953113,0,-0.007098182,0.011698242,0.007069397,0.037000044,0.032607293,0.010821303,-0.056189272,0.040799357,0.036601319,0.004920726,0.004893822,0.015954666,0.017206556,0.185897436,DEU
Ghana,0.037000001,0.04,0.044999997,0.052,0.056,0.05900004,0.063999124,0.043468192,0.091497991,0.048457561,0.078997403,0.140460026,0.092925119,0.07312525,0.039858656,0.039158956,1.533477955,GHA
Greece,0.039198754,0.041314461,0.039228563,0.057948011,0.050610008,0.005989687,0.056523796,0.032739928,-0.003351794,-0.043009778,-0.0547876,-0.091327557,-0.073005125,-0.032411575,0.003528833,-0.002193171,-0.031746032,GRC
Greenland,0.071015964,0.012690354,-0.009711779,-0.003796257,0.067334271,0.027437282,0.071071682,0.0059798,0.035998535,0.014914819,0.027110914,0.014916744,0.015191219,-0.029621039,-0.008157538,0.01655032,0.285130785,GRL
Grenada,0.048879535,-0.020239,0.034373235,0.094639734,-0.006474503,0.132730639,-0.040177088,0.061505832,0.00949051,-0.06613909,-0.005112665,0.007648253,-0.011552952,0.023523009,0.073567703,0.062287105,0.387003177,GRD
Guatemala,0.036088687,0.023325742,0.038666266,0.025307899,0.031520818,0.03260111,0.053797768,0.063040565,0.032811523,0.005256746,0.028699029,0.041619459,0.029700254,0.036971773,0.041744006,0.041400444,0.67576816,GTM
Guinea,0.025030605,0.036583465,0.051646095,0.012486012,0.023401173,0.029972726,0.024967286,0.017576824,0.049369327,-0.002801923,0.019362174,0.039087615,0.03944112,0.022999992,0.003999986,0.000999945,0.437293736,GIN
Guinea-Bissau,0.054269874,0.021889068,-0.009851775,0.005685102,0.02761402,0.042654252,0.023097501,0.032050476,0.032073772,0.033116777,0.044318415,0.093341442,-0.017979885,0.008202724,0.025410751,0.047967798,0.491135952,GNB
Guyana,-0.013767275,0.022499993,0.010510007,-0.010052552,0.032939248,-0.019569112,0.051296094,0.070203135,0.01976647,0.033186242,0.043708694,0.054371261,0.048164589,0.052216259,0.038409153,0.031744545,0.596711638,GUY
Haiti,0.008700597,-0.010443744,-0.002514645,0.003638003,-0.035228881,0.018050109,0.022492219,0.03343279,0.008439443,0.030832477,-0.054977923,0.055237377,0.028850961,0.042340529,0.028101485,0.012112183,0.189368905,HTI
Honduras,0.057481482,0.027231933,0.037543379,0.04547038,0.06232303,0.060505992,0.065672436,0.061883272,0.042316001,-0.024316279,0.037311403,0.038356907,0.041286878,0.027915598,0.030580806,0.036406989,0.778939789,HND
"Hong Kong SAR, China",0.076634242,0.005606222,0.016569321,0.030564288,0.086999567,0.073882849,0.070326373,0.064645694,0.021282138,-0.024591881,0.067678442,0.048145977,0.017004248,0.031014972,0.027622572,0.023944606,0.725490196,HKG
Hungary,0.042022639,0.037738858,0.045026396,0.038276891,0.050054153,0.043828052,0.038559766,0.004486405,0.008889018,-0.065632493,0.006770753,0.017388834,-0.016020102,0.021165969,0.040478229,0.031476456,0.336448598,HUN
Iceland,0.046805142,0.038337435,0.003147019,0.024401402,0.08099775,0.06704392,0.050006611,0.093500693,0.015193655,-0.069439412,-0.035598649,0.019871308,0.012175354,0.044115354,0.01925144,0.040965002,0.472346,ISL
India,0.038409597,0.048238877,0.038040165,0.07860431,0.079224199,0.092851031,0.092638589,0.098019998,0.03890785,0.084792999,0.102605061,0.066382152,0.054562745,0.063860052,0.075052347,0.080100436,1.864259029,IND
Indonesia,0.049202709,0.036434693,0.044993552,0.047802997,0.050309686,0.056925838,0.055010023,0.063448866,0.060137658,0.046289169,0.06223799,0.061698279,0.060300718,0.055572549,0.050066759,0.048762186,1.181015453,IDN
"Iran, Islamic Rep.",0.058455162,0.023921001,0.080787191,0.086396169,0.043366534,0.042084338,0.057042846,0.091163696,0.009236234,0.023147339,0.065772656,0.037497595,-0.066086856,-0.019114983,0.043432983,-0.015000981,0.620567376,IRN
Iraq,0.014063561,0.023051862,-0.068999471,-0.33100838,0.541577746,0.044006325,0.101585595,0.013775137,0.082275489,0.033797627,0.064025749,0.075463662,0.13936363,0.065721642,0.006998883,0.047998375,0.87254902,IRQ
Ireland,0.09912453,0.060523096,0.05576688,0.036732486,0.067245878,0.057664758,0.058658198,0.037967774,-0.043734881,-0.045651514,0.020333561,-0.000402091,-0.011028049,0.0109865,0.084622409,0.262763714,0.836363636,IRL
Israel,0.08941917,0.002418088,-0.0006867,0.0117759,0.051141245,0.04389821,0.058018167,0.06134684,0.030594121,0.01268988,0.05517011,0.050621377,0.02381631,0.043764442,0.031629966,0.025079227,0.635294118,ISR
Italy,0.037100241,0.017721494,0.002484833,0.001512895,0.015818651,0.009497711,0.020067447,0.014736335,-0.010503515,-0.054820852,0.016867562,0.005764543,-0.02818964,-0.017279231,0.001136603,0.007829742,0,ITA
Jamaica,0.008787036,0.013449296,0.019972909,0.036663176,0.013237251,0.008937979,0.028991253,0.01431954,-0.008127529,-0.043328241,-0.014689906,0.017290478,-0.006219542,0.005036399,0.006946211,0.009964989,0.104617614,JAM
Japan,0.027794431,0.004062495,0.001180488,0.015283615,0.022047267,0.016626819,0.014200564,0.016543076,-0.010935306,-0.054171104,0.041922954,-0.001154366,0.014950329,0.020004707,0.003355819,0.012194751,0.119626168,JPN
Jordan,0.042452474,0.052686166,0.057844807,0.041610503,0.085672979,0.081465833,0.080933312,0.08175719,0.072324085,0.05476581,0.023113925,0.025871278,0.026503836,0.028292108,0.030963303,0.02391696,1.106447995,JOR
Kazakhstan,0.098,0.135,0.098,0.093,0.096,0.096995317,0.107003891,0.089003853,0.032996424,0.011999501,0.072998732,0.074003526,0.047999094,0.0599994,0.042002344,0.01199661,1.782299728,KAZ
Kenya,0.005996954,0.037799065,0.005468595,0.029324755,0.051042998,0.059066661,0.064724943,0.068507298,0.002322827,0.033069398,0.084022771,0.061116135,0.045632002,0.058797639,0.053518399,0.057133829,0.997539019,KEN
Kiribati,0.0625,-0.014705883,0.037874627,0.020063246,-0.016293602,0.049516316,-0.015810007,0.02202172,-0.018474373,0.002896239,-0.016076392,0.004768422,0.051877985,0.057821663,0.024086877,0.034970484,0.243252206,KIR
"Korea, Rep.",0.089244623,0.045252699,0.074324343,0.029333009,0.04899752,0.039236731,0.051762139,0.054634333,0.028292115,0.007074894,0.064968426,0.036820466,0.022920338,0.028962535,0.033413427,0.027901551,0.788732394,KOR
Kuwait,0.04694582,0.007290264,0.03,0.173200004,0.107621943,0.100754905,0.075203569,0.059919913,0.024802442,-0.070767175,-0.023668339,0.096283974,0.066267822,0.011488545,0.004997545,0.018468964,0.907315958,KWT
Kyrgyz Republic,0.054266738,0.053215843,-0.000173532,0.070302961,0.070268597,-0.001755482,0.031028987,0.085428749,0.08401616,0.028862947,-0.004715669,0.059562744,-0.000881502,0.109154694,0.040240386,0.038758256,0.897907765,KGZ
Lao PDR,0.057987823,0.057514129,0.059187437,0.060670023,0.063576955,0.071075684,0.086192662,0.075968288,0.078249028,0.075017749,0.085269055,0.080386527,0.080262833,0.080247519,0.076135165,0.072709258,1.895926676,LAO
Latvia,0.054068595,0.064613136,0.071030259,0.084306997,0.083355446,0.106970338,0.11889388,0.099493912,-0.036089156,-0.14332244,-0.037896499,0.063815007,0.040052693,0.026265568,0.021199188,0.027121283,0.725933102,LVA
Lebanon,0.013440665,0.038712591,0.034151048,0.03222474,0.059137689,0.027322829,0.01556479,0.093495028,0.091261651,0.103040505,0.079604333,0.01982548,0.022,0.009,0.018,0.013,0.888198129,LBN
Liberia,0.286159333,0.029187173,0.03762765,-0.301452226,0.026206053,0.052819757,0.08043162,0.095348929,0.071469393,0.053000991,0.060999447,0.081999981,0.079944513,0.08703875,0.007011417,0,0.460502177,LBR
Lithuania,0.038316671,0.065244309,0.067607495,0.105385648,0.06550083,0.077274079,0.074064444,0.110869544,0.02628078,-0.148141633,0.016398196,0.060493535,0.038349019,0.035068257,0.034950162,0.017785762,0.836714756,LTU
Luxembourg,0.082397991,0.025319749,0.038194698,0.016292871,0.036121767,0.031724427,0.05178486,0.083545532,-0.012795856,-0.04358607,0.048649686,0.025392348,-0.003525194,0.039901917,0.056269308,0.040042569,0.52322284,LUX
"Macao SAR, China",0.057468127,0.028886923,0.089468403,0.116533594,0.267555326,0.080597275,0.133143714,0.144474496,0.033934776,0.013212609,0.252637744,0.21672659,0.092373368,0.112000666,-0.012011492,-0.215373564,2.34255982,MAC
"Macedonia, FYR",0.045491358,-0.030672457,0.014940287,0.022222222,0.046744284,0.047233775,0.051370252,0.064734869,0.054717118,-0.003586158,0.033587601,0.023398923,-0.004561844,0.029252653,0.036296413,0.038416238,0.512507371,MKD
Madagascar,0.047600651,0.060178244,-0.126737881,0.097848921,0.052570036,0.046029,0.05022607,0.062405784,0.071285135,-0.040138606,0.002631109,0.014543922,0.030275081,0.02255204,0.033158542,0.03054156,0.464976865,MDG
Malawi,0.015760778,-0.049749639,0.017,0.057056394,0.054204977,0.032687258,0.047,0.096,0.076397368,0.083281103,0.068740656,0.048540551,0.018857995,0.052,0.057,0.028,0.942124766,MWI
Malaysia,0.088589112,0.005174684,0.053910616,0.057884649,0.067833926,0.053323804,0.055847351,0.09427516,0.033198842,-0.025258328,0.06980988,0.052937647,0.054741413,0.046928846,0.06012337,0.049689184,1.024539877,MYS
Maldives,,,0.053930362,0.145505859,0.131599281,-0.081247394,0.198880822,0.101719861,0.126717557,-0.053237514,0.071667714,0.087093389,0.0249649,0.046997937,0.059973264,0.028466435,#VALUE!,MDV
Mali,-0.00060835,0.153762395,0.031063082,0.09119042,0.015599987,0.065347627,0.046621869,0.034936168,0.047733827,0.046790657,0.054134522,0.032402529,-0.008361789,0.023035848,0.070433562,0.059625816,1.089449181,MLI
Malta,0.067701939,0.006083537,0.029828184,0.025437686,0.004434125,0.037836523,0.018287169,0.039864487,0.033465127,-0.024622777,0.035426832,0.013961849,0.025814897,0.045111014,0.083056338,0.074269461,0.548141626,MLT
Marshall Islands,0.058906943,0.053633615,0.026158536,0.001701331,-0.000554204,0.02750209,0.019235095,0.03554681,-0.016359045,-0.017094482,0.064378266,0.016769742,0.036997852,0.02359099,-0.009496911,0.006344668,0.299577781,MHL
Mauritania,-0.004304063,0.020087969,0.006650041,0.059782534,0.057474235,0.089694223,0.188690993,0.028178368,0.010799672,-0.010420817,0.047736972,0.047040665,0.057950782,0.060902587,0.055795438,0.014,1.020854041,MRT
Mauritius,0.090266141,0.025735703,0.021133133,0.036568564,0.057457675,0.012413875,0.085382556,0.057270162,0.053869626,0.03315077,0.043772032,0.040775381,0.034961183,0.033604061,0.037445744,0.034686641,0.811638459,MUS
Mexico,0.052965527,-0.006055363,0.001319189,0.014227329,0.042957108,0.030325806,0.049446093,0.032042524,0.014001894,-0.047000524,0.051098467,0.040442191,0.040186899,0.013598924,0.022652767,0.026297936,0.373439274,MEX
"Micronesia, Fed. Sts.",0.045632095,0.017471933,0.005998995,0.018258614,-0.032312622,0.021605563,-0.001633984,-0.020596768,-0.025596441,0.009619553,0.025305788,0.020505672,0.00564158,-0.03561501,-0.034029053,0.037726855,0.008216861,FSM
Mongolia,0.011460621,0.029527105,0.047329785,0.070046346,0.10625406,0.072536654,0.085562348,0.102480164,0.089003679,-0.012685989,0.063651617,0.172907774,0.123198197,0.116489158,0.078852258,0.023571712,2.043375069,MNG
Montenegro,0.030999974,0.01100001,0.018999989,0.024999984,0.044000036,0.04192994,0.085662428,0.106579013,0.069225975,-0.056569175,0.024637324,0.032284541,-0.027237679,0.035490141,0.01783709,0.034028568,0.560911008,MNE
Morocco,0.01912873,0.073199675,0.031214497,0.059611622,0.047970184,0.032916397,0.075746316,0.035315942,0.059232777,0.042437573,0.038157179,0.052456973,0.030103831,0.045349297,0.025510446,0.045081135,0.964546002,MAR
Mozambique,0.01678503,0.127209658,0.087940576,0.065006067,0.078111861,0.087206679,0.098510555,0.07426061,0.068762054,0.063514617,0.066877318,0.071176066,0.071981858,0.071416833,0.074438374,0.065939008,2.086820518,MOZ
Myanmar,0.137459306,0.113439971,0.120255134,0.138439969,0.135646616,0.1356895,0.130761014,0.119914352,0.102553054,0.105500091,0.096344395,0.055914824,0.073326704,0.08426001,0.079912433,0.072940318,3.412817764,MMR
Namibia,0.034921832,0.011779489,0.047886613,0.042397943,0.12269548,0.025292626,0.070731754,0.066170945,0.02649812,0.00295971,0.060392494,0.050913382,0.05061682,0.056543608,0.064588096,0.052952224,1.073233908,NAM
Nepal,0.062,0.047997626,0.001202669,0.039450378,0.046826033,0.03479181,0.033646148,0.034115603,0.061046391,0.045330787,0.048164146,0.034218282,0.047811923,0.041288777,0.059889847,0.027252722,0.803751554,NPL
Netherlands,0.042386769,0.021242858,0.001036917,0.002838583,0.020307723,0.021602926,0.035187471,0.036983765,0.016991124,-0.037676479,0.014027303,0.01663578,-0.010570337,-0.001902971,0.014196483,0.019517728,0.180952381,NLD
New Zealand,0.029037358,0.034469135,0.046696372,0.045578016,0.039473276,0.033013026,0.028043593,0.028873309,-0.011197902,-0.003038338,0.015272621,0.022697348,0.022460442,0.02449845,0.03404445,0.024320097,0.456140351,NZL
Nicaragua,0.041015902,0.029608435,0.007539389,0.025207329,0.053121705,0.042823983,0.038048646,0.05076352,0.034357169,-0.032926652,0.044100991,0.063166855,0.064961365,0.049270941,0.047854601,0.048529643,0.736741621,NIC
Niger,-0.014095094,0.071043406,0.02999122,0.053,0.001,0.045,0.058,0.031465704,0.095876732,-0.007126712,0.083692398,0.023114002,0.118136633,0.052683787,0.07049798,0.036053016,1.088363161,NER
Nigeria,0.053175766,0.044115219,0.037841882,0.103543655,0.337360338,0.034446337,0.082106281,0.068285173,0.062701723,0.069344674,0.078397111,0.048875257,0.04279256,0.053943245,0.063099379,0.02652531,1.955414013,NGA
Norway,0.032053084,0.020852177,0.014378966,0.009197531,0.039590926,0.026247226,0.023951013,0.02929694,0.003843916,-0.01622674,0.006019302,0.009689004,0.02748689,0.009987134,0.019188797,0.016109154,0.267029973,NOR
Oman,0.054013727,0.044824541,-0.011005653,-0.026689694,0.012921126,0.024904584,0.053720683,0.044526943,0.081996958,0.061124538,0.048033338,-0.011069129,0.093315753,0.043733193,0.025415615,0.056527028,0.690603563,OMN
Pakistan,0.042597914,0.019829016,0.03223896,0.048468295,0.073680722,0.076678463,0.061770373,0.048330989,0.017016765,0.028316666,0.016065108,0.027484823,0.035066353,0.043964489,0.046748236,0.047124329,0.830508475,PAK
Palau,-0.013129296,0.043173862,0.065995526,-0.063483736,0.069467787,0.012572027,-0.027418521,-0.000531915,-0.055880788,-0.090755355,0.032858029,0.050420168,0.032,-0.024363234,0.042565267,0.09363092,0.172112019,PLW
Panama,0.027153735,0.005742731,0.022291495,0.042054958,0.075220801,0.071912789,0.086524658,0.119839854,0.086116461,0.015983588,0.057673499,0.118080662,0.092299523,0.06624159,0.060533341,0.057773935,1.561576249,PAN
Papua New Guinea,-0.024948417,-0.001212888,-0.001589004,0.021641025,0.027211754,0.06344796,0.022944662,0.071517624,0.066109583,0.061414823,0.076743316,0.106693289,0.080875431,0.05537412,0.085339018,,,PNG
Paraguay,-0.02314146,-0.008340579,-0.00021402,0.043207499,0.040574192,0.021334862,0.048071203,0.054216225,0.06359117,-0.039656959,0.130930037,0.043424071,-0.012389685,0.140362777,0.047223337,0.029622363,0.777647356,PRY
Peru,0.026943714,0.006178923,0.054535289,0.041650231,0.049582032,0.06285508,0.075284064,0.085186813,0.091267012,0.010957196,0.083322319,0.063268917,0.061397525,0.058524632,0.023547703,0.032507706,1.167871005,PER
Philippines,0.044114217,0.028943422,0.036456395,0.049701522,0.066981656,0.047775529,0.052430613,0.066166361,0.041522983,0.011487356,0.076322005,0.036594836,0.066840668,0.070640257,0.061451616,0.060664652,1.128,PHL
Poland,0.045592812,0.012479959,0.020416382,0.035624316,0.051357647,0.03493683,0.061795623,0.070348382,0.042497388,0.028201225,0.03606955,0.050166798,0.016065813,0.013909364,0.03282501,0.038445453,0.705521472,POL
Portugal,0.037872785,0.01943344,0.007688115,-0.009340041,0.018114913,0.007668999,0.015528461,0.024919796,0.001995328,-0.029783191,0.018985474,-0.018266661,-0.040282112,-0.011303813,0.008932915,0.015944028,0.031674208,PRT
Qatar,,0.038981866,0.071821517,0.037199586,0.192189153,0.074927585,0.261702457,0.179856568,0.176635564,0.119565384,0.19592063,0.133757453,0.046870814,0.044098931,0.039792075,0.035509161,3.633187708,QAT
Romania,0.023954939,0.055917733,0.051837118,0.055250383,0.083582877,0.041717976,0.08055504,0.06864092,0.084587182,-0.07066971,-0.007983466,0.010565602,0.006408557,0.035315256,0.030764013,0.039377636,0.727272727,ROM
Russian Federation,0.099999653,0.050918599,0.047439526,0.072958136,0.071760969,0.063759838,0.081533106,0.085352037,0.052477611,-0.078205938,0.045038377,0.042638302,0.035177428,0.012795664,0.007318844,-0.028282503,0.712184874,RUS
Rwanda,0.083573487,0.085106383,0.131862745,0.022087484,0.074152542,0.093885602,0.092318788,0.076923077,0.111587983,0.062879206,0.072911261,0.077871826,0.088400269,0.047000618,0.076196102,0.088730333,2.165425531,RWA
Samoa,0.069187903,0.069397658,0.043439956,0.045154791,0.04625002,0.041564921,0.019688079,0.063226418,0.010090867,-0.048082722,0.004791587,0.057785443,0.004021036,-0.019338588,0.011961473,0.01634776,0.425947955,WSM
Sao Tome and Principe,,0.031899333,0.023768775,0.065734727,0.038322271,0.070937705,0.091156465,0.032536049,0.081861718,0.024262814,0.066719853,0.043982017,0.031419759,0.048147944,0.062076817,0.039732551,1.077969262,STP
Saudi Arabia,0.056252037,-0.012106333,-0.028193,0.112420688,0.079585382,0.055739415,0.027883328,0.018471019,0.062497284,-0.020592555,0.050395235,0.099968384,0.054114294,0.026993136,0.036525571,0.041063995,0.791556728,SAU
Senegal,0.031866391,0.045809164,0.006548037,0.066832281,0.058707722,0.056226069,0.024615702,0.049384851,0.036825244,0.024231759,0.041793631,0.017611181,0.044111803,0.034852173,0.04311051,0.064851948,0.824416953,SEN
Serbia,0.077592094,0.04992714,0.071157881,0.044154141,0.090465131,0.05540427,0.049043489,0.058887601,0.053666834,-0.031159717,0.005844781,0.014014657,-0.010152704,0.025717341,-0.018313011,0.007577152,0.569745301,SRB
Seychelles,0.015143388,-0.022711628,0.012128313,-0.058871275,-0.028504537,0.090057614,0.094061279,0.104214361,-0.021468927,-0.011052458,0.059549625,0.078872796,0.066102436,0.060498221,0.033169851,0.034978138,0.592736032,SYC
Sierra Leone,0.066527279,-0.071403197,0.262685766,0.09382385,0.064175367,0.043324844,0.055258332,0.080583216,0.053996767,0.046495129,0.053651432,0.048101865,0.151817691,0.207157683,0.045567724,-0.20490848,1.286196724,SLE
Singapore,0.088969499,-0.009517365,0.042113639,0.044352079,0.09549035,0.074895166,0.088602775,0.091114543,0.017876869,-0.006036792,0.152406717,0.06224463,0.038711784,0.0500115,0.035723934,0.019327367,1.156716418,SGP
Slovak Republic,0.012101734,0.033164682,0.045227922,0.054187159,0.052588364,0.067509608,0.084528877,0.10799577,0.05629779,-0.054225423,0.050417167,0.028190995,0.016571487,0.014906464,0.025708526,0.038307357,0.820275392,SVK
Slovenia,0.04155434,0.029493655,0.038363053,0.02842083,0.043517955,0.040030074,0.056559992,0.069416457,0.033001303,-0.077972766,0.012377559,0.006493669,-0.026894136,-0.010869228,0.031062802,0.023166449,0.328538064,SVN
Solomon Islands,-0.14267483,-0.079785644,-0.028000025,0.065000018,0.048983709,0.054211932,0.0694665,0.073200013,0.070944951,-0.047278725,0.068955568,0.12928475,0.046606119,0.030143868,0.015074263,0.037344398,0.69062568,SLB
South Africa,0.041545897,0.027356522,0.036675574,0.029491097,0.045545069,0.052771207,0.056037961,0.053605066,0.031911214,-0.015382453,0.030397281,0.0328441,0.022131826,0.024892936,0.016994935,0.012989591,0.565543071,ZAF
Spain,0.052887566,0.040009047,0.028800147,0.031880381,0.031659733,0.037233636,0.041743677,0.037688904,0.011157582,-0.035737382,0.000139724,-0.010002864,-0.029295759,-0.017059786,0.013791522,0.032043941,0.226086957,ESP
Sri Lanka,0.060000332,-0.015454081,0.039646757,0.059402691,0.054450613,0.06241748,0.076682919,0.067968261,0.059500881,0.035389121,0.080159594,0.084047381,0.091445794,0.033957096,0.049607192,0.048383636,1.228144254,LKA
St. Kitts and Nevis,0.106943229,0.054637767,0.025821713,-0.036152005,0.036066768,0.087714365,0.018120294,-0.001765391,0.062919152,-0.030200416,-0.022491031,0.023987306,-0.006005504,0.062198945,0.059630566,0.037629116,0.430546906,KNA
St. Vincent and the Grenadines,0.016374384,0.017094146,0.063233104,0.076897912,0.041562843,0.024880049,0.076883592,-0.015815732,0.066670124,-0.020990612,-0.033535259,-0.004193515,0.01380643,0.018322861,0.011521162,0.016030838,0.404973799,VCT
Sudan,0.063458678,0.065003604,0.064272739,0.077345917,0.038833073,0.074897381,0.10064308,0.1152191,0.078019633,0.032418476,0.034693351,-0.01967729,0.005215593,0.043947111,0.026794118,0.049060452,1.135813984,SDN
Suriname,-0.000686872,0.045530774,0.042999444,0.060101546,0.092560319,0.045707149,0.038421374,0.051114878,0.041434065,0.030136986,0.051688252,0.058493678,0.0269035,0.029334412,0.003636006,-0.027024381,0.777108878,SUR
Swaziland,0.017601739,0.010547649,0.04380099,0.038802136,0.036239143,0.059987764,0.059921668,0.044353758,0.008216639,0.015650489,0.037937547,0.0224723,0.047357838,0.068570771,0.042461153,0.014640464,0.713882074,SWZ
Sweden,0.047353407,0.015633196,0.020736131,0.023856786,0.043206577,0.028182294,0.046880676,0.03404936,-0.005569879,-0.051845968,0.059889492,0.026643297,-0.002864038,0.012413142,0.026043148,0.040849768,0.362720403,SWE
Switzerland,0.039460528,0.01446634,0.00143355,0.00049685,0.028428495,0.03038357,0.040127992,0.041403226,0.022772326,-0.021296182,0.02953946,0.018045144,0.010480026,0.017805713,0.019968975,0.008422803,0.296066253,CHE
Tajikistan,0.08300001,0.10200001,0.107999999,0.109999971,0.103000017,0.066999971,0.070000019,0.078000013,0.078999978,0.03800001,0.065000004,0.073999994,0.074999992,0.074000006,0.066992507,0.06,2.07779341,TJK
Tanzania,0.049338466,0.059978289,0.071635535,0.068862265,0.078282984,0.081733358,0.04660571,0.084643812,0.055665956,0.053823462,0.063588861,0.079045076,0.051410136,0.0726306,0.069651333,0.069593744,1.648379507,TZA
Thailand,0.044557994,0.034444587,0.061489004,0.071890203,0.062892934,0.041878242,0.049681605,0.054350125,0.017258179,-0.00690823,0.075135454,0.008399173,0.072430735,0.027322952,0.009146012,0.029411995,0.80733945,THA
Togo,-0.007834796,-0.016268063,-0.00922151,0.049543977,0.021190653,0.01180407,0.040524125,0.022904539,0.022254802,0.035102967,0.039956788,0.048837639,0.048203435,0.039677926,0.058717263,0.053658876,0.578465854,TGO
Tonga,0.033698397,0.036017886,0.034188767,0.021085816,-0.0035142,0.015821684,-0.008122221,-0.041657757,0.030946083,0.022998004,0.035749694,0.027923985,0.008894367,-0.031261646,0.020646846,0.037062011,0.222800667,TON
Trinidad and Tobago,0.069013595,0.041685241,0.079367096,0.144414164,0.079495936,0.06208993,0.132080578,0.0475419,0.033904214,-0.043905925,0.033233305,-0.002943544,0.01293979,0.026539184,-0.005759253,-0.005785216,0.831259843,TTO
Tunisia,0.047098599,0.037961838,0.013225636,0.047024118,0.062357939,0.034865358,0.052441952,0.067096204,0.042377768,0.03043449,0.035106086,-0.019171777,0.039976661,0.028747543,0.028231596,0.011494084,0.64972184,TUN
Turkey,0.066402044,-0.059624019,0.064302643,0.056082904,0.096443769,0.090097298,0.071097861,0.050303803,0.00845269,-0.04704439,0.084873997,0.111134287,0.047900156,0.084913229,0.051662674,0.060579464,1.092130518,TUR
Turkmenistan,0.054690641,0.043438457,0.002571799,0.032688286,0.050004074,0.130403634,0.109670955,0.110592995,0.147,0.061000001,0.092,0.146999999,0.111,0.102000001,0.103,0.064999999,2.464263226,TKM
Uganda,0.031419073,0.051836611,0.087326858,0.064732587,0.068072333,0.063325651,0.107847444,0.08412426,0.087087519,0.067369954,0.056643699,0.094389326,0.03853292,0.035742202,0.05246819,0.049934052,1.649096403,UGA
Ukraine,0.059,0.092,0.051999291,0.093999202,0.120998247,0.02700235,0.073001786,0.079000836,0.022996641,-0.147997781,0.041997686,0.05465654,0.002384156,-0.000264276,-0.065529979,-0.097728745,0.353444109,UKR
United Arab Emirates,0.108523881,0.013993563,0.024332365,0.088004313,0.095665993,0.04855164,0.09837314,0.031844633,0.031917775,-0.052429094,0.016352519,0.063591831,0.051045363,0.057898115,0.032851634,0.03828839,0.858585859,ARE
United Kingdom,0.037449777,0.02725889,0.023970628,0.034665458,0.025276286,0.029721049,0.025031546,0.025557237,-0.006272955,-0.04327691,0.019152524,0.015092522,0.013128712,0.019109708,0.03070513,0.021941806,0.288461538,GBR
United States,0.040922601,0.009753719,0.01786229,0.028072001,0.037853974,0.033453596,0.026665556,0.017786281,-0.002915897,-0.027758718,0.025324088,0.016011334,0.022244146,0.016773687,0.02370451,0.025955803,0.307086614,USA
Uruguay,-0.019299306,-0.0384413,-0.077320072,0.008052839,0.050041604,0.074601321,0.040985774,0.065415108,0.071761447,0.042434942,0.078034097,0.05162133,0.035381787,0.046375386,0.032387912,0.003707413,0.591493054,URY
Uzbekistan,0.038,0.042,0.04,0.042,0.077,0.07,0.073,0.099211538,0.09,0.081,0.085,0.083,0.082,0.08,0.077925224,0.08,1.89083332,UZB
Vanuatu,0.059220446,-0.034885078,-0.051112186,0.042934312,0.039847548,0.053028523,0.084651599,0.051735133,0.064485214,0.033128158,0.016290816,0.012232255,0.017547499,0.019691461,0.023310062,-0.008010942,0.421631081,VUT
"Venezuela, RB",0.036869849,0.033942649,-0.088554253,-0.077555277,0.18286556,0.103179144,0.098721402,0.08753818,0.052777111,-0.032022351,-0.014887268,0.041763418,0.056260559,0.013430963,,,,VEN
Vietnam,0.067873164,0.061928933,0.06320821,0.068990635,0.075364106,0.075472477,0.069779548,0.071295045,0.056621897,0.053978482,0.064230963,0.062398647,0.052473897,0.054223978,0.059835502,0.066793247,1.534903967,VNM
World,0.043993327,0.019406784,0.021437621,0.029147012,0.044531145,0.038460988,0.043262108,0.042561202,0.018192962,-0.017354581,0.043268622,0.031561522,0.024390208,0.026007797,0.028307009,0.027342692,0.513026052,WLD
"Yemen, Rep.",0.061819156,0.038036459,0.039352315,0.037473982,0.039726964,0.055917481,0.031704094,0.03338428,0.036475695,0.038662295,0.07702307,-0.127148969,0.023929902,0.048235191,-0.001886902,-0.280968349,0.02134919,YEM
Zambia,0.038973229,0.053168683,0.045060143,0.06944974,0.070323951,0.07235599,0.079036944,0.083524362,0.077738958,0.092203484,0.102982059,0.055646247,0.07597617,0.050593764,0.046958264,0.029198811,1.636932018,ZMB
Zimbabwe,-0.030591896,0.014396151,-0.088940234,-0.169950745,-0.058075383,-0.057110838,-0.034614951,-0.03653327,-0.176689466,0.087092253,0.154468725,0.163324672,0.136091702,0.052703546,0.027652707,0.014239334,-0.050506747,ZWE
