ISO,2000,2001,2002,2003,2004,2005,2006,2007,2008,2009,2010,2011,2012,2013,2014,2015
AGO,0.9748740104,1.0436065044,0.2792479251,1.6884850374,-1.0456103884,1.3230672824,1.0563882062,1.1633552662,1.2289596152,0.8842715003,0.9755608794,0.988301888,0.8963168875,1.1941740698,1.0971999702,1.0275676968
ALB,1.1079433902,1.0200115043,0.7500504302,0.8177720928,1.1756756278,1.0709542541,1.2804030843,1.1025042334,0.9141979455,1.0652954738,0.9718331658,0.7683345296,1.2313704688,0.9783783655,1.0435312219,1.0274825578
AND,0.9802087874,1.1213356117,1.099666016,1.2258560553,1.0473793982,1.1163058363,1.1959535039,1.0284168999,0.8281148798,1.003714571,0.8930404562,1.0008529728,0.9647997932,0.9987297142,,
ARE,0.2973000357,1.2274443987,1.3822228216,0.6303017969,1.0658193151,1.044498071,1.0571594837,0.8709163443,0.7383309584,0.7638846738,1.1185044625,1.142947407,0.9379373444,1.1544130154,1.0584325069,0.9935857932
ARG,1.0499262776,1.0276302617,0.9094726611,1.0034534328,0.8319650547,1.1171090199,0.9899249132,1.183257971,0.918866256,0.9754875487,1.1095961413,1.0793604056,0.9719340126,1.0748434617,0.9376560389,1.024973036
ARM,0.8099014599,1.1445646875,1.5638640735,1.0100414014,1.0765482524,0.8620618884,1.2495912073,0.9422865366,0.9357443881,1.1178772305,1.1103229605,0.75402,0.8164354959,1.1366902768,1.0841930939,1.0121842888
ATG,1.1433858189,0.8960766728,0.914792841,0.976476065,1.0191477568,1.1071612344,1.1800974443,0.9692857909,0.9540673545,0.6445014523,0.8036379443,1.006322665,1.0330699378,0.9959981658,1.0422715156,1.0366664402
AUS,1.0407510174,0.9937704702,1.0530743971,1.024975517,1.0099046928,1.0424376885,1.030322078,1.0349863296,1.0462626603,1.0152181091,1.0512439195,1.0598916791,1.058775492,1.0989862257,1.0715149564,1.0143674896
AUT,1.0483332412,0.9047340658,0.9807045427,0.8509777913,1.0446303735,1.0118870412,1.1348124458,1.1430122735,1.0364259136,1.0931140777,0.8939050107,1.117804212,1.0899460289,0.9948437415,1.1219772044,0.9479507194
AZE,1.1531954171,1.2504293526,1.1502640678,1.1526062453,1.102789803,1.3694087689,1.3601874108,1.9984434189,0.8704099095,1.4006085122,1.1757320156,0.820766493,0.916530428,1.1108395907,0.9454688529,0.965224967
BDI,0.9573315484,1.6293798842,1.0159137735,1.4553302355,0.6311421147,1.464444445,0.6675831683,1.0957166391,1.0607568621,1.0693685084,0.8405804703,0.8021888924,0.7403550344,1.0121691157,1.0394100081,0.8989540903
BEL,1.0381295812,1.0268176613,1.0297288193,0.9914503301,1.0548683528,1.0972300119,1.0952714097,1.1393214913,0.975230559,1.1691556267,0.9240531324,1.198732816,1.0792939825,0.9826466396,1.1403276416,0.9537473338
BEN,1.0688759001,0.8287528447,0.7952247168,0.7997750174,0.954853571,1.1256505425,-0.179722,0.7881232307,1.1363062802,0.9320228807,0.8562813654,0.9729812156,1.0169425316,1.036336571,1.1391061286,1.0017232121
BFA,0.7980344736,1.2195694273,1.0720341301,1.004368185,1.0408841359,1.1316435055,0.6950891607,0.680725698,0.8042464695,1.04371738,1.1372837978,0.8679404297,0.7387449557,0.7253404641,1.0959173322,1.0381454834
BGD,0.8916831196,0.7639777463,0.9981322616,0.975404481,0.9879087696,1.0334971547,0.9207377275,1.1000190791,0.8812682433,0.924447543,0.8758623616,1.0061144737,1.0034403599,1.0753811669,1.0368984249,0.9945336407
BGR,1.1384772656,0.9164199701,1.238028666,0.9131327822,1.1771781926,1.1013090519,1.0831726538,1.0020090577,1.1697693229,1.2144546878,0.9050172485,0.811793299,1.1850822322,1.2499069336,0.9032115292,0.955206072
BHR,1.0349762916,1.562022617,0.8133423822,1.0194161187,1.0087291847,0.9348887019,1.1699713199,0.296172149,0.8993618027,1.2085632721,0.9494772856,1.0239163379,1.0939802591,0.9055550839,1.1367757757,0.9279955734
BHS,1.0919192493,1.1727519257,1.0446204112,1.0486531095,0.745932044,1.0462680563,1.1398710483,0.9978704077,1.1807794347,0.7244021137,0.0232050773,1.4660047743,1.049886014,-0.2426567475,0.9430403677,0.9224391043
BIH,0.4346819862,1.1510595644,0.9617716847,1.0533230782,0.9623781278,1.0957217284,0.9351427093,1.1042672256,0.8185242405,0.8888004861,0.9598727296,0.7716177817,1.1170219477,1.0798934647,1.1373507337,0.9588572868
BLR,1.2012680695,1.1335864895,1.114728943,1.0963867279,1.0461961357,1.1516916772,1.0969197397,1.2240051988,1.1143418358,1.0814787611,1.0875430433,1.0781546825,1.0483407712,1.0031068211,1.0131844708,1.0327258406
BLZ,0.857122851,1.1184562391,1.3221410735,1.0818674892,1.0345377978,0.9577883861,1.0011279499,0.9027870476,1.3897354914,0.7657603997,0.5667931817,0.8221019272,1.4766417209,0.8726067137,1.0311011594,1.0012014288
BMU,1.2026960143,1.1444487204,0.8453908319,1.1736863424,1.1096507251,1.2937089264,0.4637947778,0.2426772575,1.2533525347,1.4773638363,0.4473928609,1.5383193599,0.6683878098,1.3088475395,,
BOL,1.2337738659,1.1125265354,1.1026190773,0.0876767517,1.2344895019,1.2287965188,0.613376054,1.4614543875,0.9715633788,0.9516602876,0.9054284351,0.976881054,0.7660878228,1.0358511396,1.0408309313,1.0715736894
BRA,1.0324563723,0.9697652417,1.0921650895,1.0872570634,1.0115286167,1.0070055553,1.0771323032,1.0292558186,0.9640013913,1.1031023597,0.8532106252,0.9839591212,0.8977339614,0.9147725245,0.9156002443,0.9697234756
BRB,1.126234474,0.8977552632,1.0037629331,0.9770404856,0.9873882554,0.9868507748,1.0855034452,1.0460752225,0.6308311546,0.9236129842,1.1778621256,0.9453823003,1.0828210928,1.0284719143,0.9536077194,0.9768906394
BRN,0.640252758,1.1432361899,1.1355015277,0.959516049,0.8323229519,1.0048097552,1.1463537421,-0.4595764616,0.7955082137,1.2381100302,0.9640982337,0.7042119345,1.0273754192,1.3401460387,0.7486397765,0.862419426
BTN,1.0795367636,1.2219098589,1.0339329488,1.3536645469,1.4977370723,0.5506724504,1.1561400395,1.358516497,0.9422692505,1.2948762158,0.695302647,0.110548261,0.8656017293,0.8796855845,1.018186535,1.1063372178
BWA,0.6437455574,0.9681078799,1.0527007736,1.1698419667,1.0172255285,0.9872189069,1.1467581502,1.1175282198,0.9908670858,1.0942356103,0.7097452707,1.2910979649,1.0669739263,0.7634113465,0.7822398144,0.9829419759
CAF,0.9227793288,1.2573479894,1.072330844,0.9791857506,1.1198976847,1.0181642098,0.9674397808,1.0620613529,1.0410826194,1.0341847851,0.972651549,0.9530695387,0.9748281688,0.2455884454,1.034067582,1.0495966754
CAN,1.0212059725,1.0624589103,1.0413526963,0.9742704821,1.068257567,1.0855090394,1.0725759931,0.9617557238,1.0827142153,1.059132025,1.0161197546,1.0513081208,1.0158489981,1.0147519822,1.0477505331,1.0785947006
CHE,1.1161004249,0.9615623491,1.0752838925,0.9450017826,1.0313043293,1.0325069429,1.0992818158,1.1724181956,0.9841268958,1.0091310458,0.9882708123,1.21778066,0.9587216878,0.990704201,1.2231505554,0.9631999876
CHL,1.1962839804,1.2552962559,0.9927475761,1.0655450504,0.9886752578,1.0445499454,1.0263624841,0.8823563149,1.0645494063,1.1080681056,0.9490985699,0.922723281,1.0615318962,1.0255508853,1.0816343401,1.054268593
CHN,1.1326060457,1.0559902698,0.9896335917,0.8205708673,0.8551233317,0.9228940157,1.0389523492,1.0981368889,1.1509948781,1.0672587372,1.0731818208,0.9984164489,1.1099674309,1.0853771477,1.140792946,1.1532445836
CIV,0.7930133986,0.7268823527,1.0796034124,1.4706600667,0.212410504,0.9919573163,1.2437310008,1.0987488605,1.0508568295,1.4004819606,0.8596759467,0.8377800934,0.5584645707,1.0289729729,1.0716908998,1.0189211762
CMR,0.8501303852,1.0968403663,1.0823674836,0.8551349702,0.9874391915,1.179051761,0.9737550584,0.0266370553,1.1584215887,0.6085969596,1.0487479517,1.3875322444,0.9643132585,0.8811916579,1.0940444703,1.0357952278
COG,0.5769789477,1.6247513508,1.6006449248,-0.1732655183,0.9962810448,1.0829220587,0.8399911384,0.7992125218,0.9499685804,0.5217406188,0.9056761406,0.7429394314,0.9387946654,0.9843079659,1.1001228774,0.9596972907
COL,1.0373318996,1.0910144929,1.0721186241,1.0138819336,1.1907090108,0.8757696246,1.066294239,1.1547697759,0.8864580101,0.897604042,0.9811279248,1.1218431113,0.9917155911,0.8473830852,0.9755818832,0.9704106273
COM,1.0161538085,1.0466587302,0.9585282898,0.8736619541,0.9607306618,0.9816231896,0.835816319,1.0160030558,0.9433600898,1.0389999995,0.8544374997,0.7046857161,1.1095121943,0.8665,1.0545674303,0.9747588288
CPV,1.1033272757,0.8067134962,0.7809374698,0.5266808435,1.0538006848,1.0462880677,0.9826675618,1.176842768,1.5922337884,0.8326417849,0.1115426472,0.8613957099,1.1603155515,1.2242958896,1.025463177,0.9757658431
CRI,1.0922773064,0.9634982258,0.8665547967,0.9880141682,0.992874636,1.0957550531,1.0750484246,0.8633638985,1.0911441173,1.0362490518,1.1855830755,1.0396186137,1.0891474063,1.0845355533,1.0218842997,1.0549254828
CUB,1.0571884751,1.1128329264,0.9780023769,1.1231152432,1.1541962873,1.1394781344,1.1270911461,1.191553653,0.8043890531,1.0651815465,0.4738753711,1.1822039698,1.0507823288,0.8764683606,0.9698565683,1.0462954145
CYP,1.0396776195,1.1112589408,1.012497687,0.9397363218,1.0298809667,1.0351697617,1.0413264093,1.0194929309,1.0383275432,1.0215844056,1.1146459647,1.0835687421,1.0738375068,1.0736938307,0.8373818418,1.0203809085
CZE,0.869250048,1.063133304,1.0976640083,1.032764264,1.187677641,1.0699161812,1.1031065097,1.0904657909,1.1627918665,1.0543896029,0.9721660572,1.1246715255,1.0933944246,1.037251183,1.1057119215,1.0881817931
DEU,1.0502642403,0.9972319914,1.0360038504,0.9830768412,1.0547098916,1.0602842426,1.0470274574,1.126903644,1.0158655501,1.0352917208,0.9681078958,1.1216083543,0.9986120216,0.9637612256,1.1353598123,1.0205189788
DJI,0.8451948024,0.888876326,0.8700145397,0.9521459987,1.1474256875,1.026784888,1.1141211755,0.8456261512,0.9526659489,1.2514118249,0.8274920193,1.2633651972,0.9062965401,0.7365231325,1.1319605467,1.0888936317
DMA,0.4610280983,0.866266987,1.0971013548,0.8570482427,1.1285185548,0.9337474884,1.1220092773,0.3943133197,1.4383016122,0.976604857,0.901966109,1.153092133,0.8649297863,1.0696751491,1.0340560911,0.9202070659
DNK,1.2217200764,0.960717583,1.0223954507,0.8236636416,1.236451083,1.1764185208,0.7684961306,1.178257101,1.1127866688,0.9948885122,1.0194440534,1.2267951891,1.2126839537,0.9204454228,1.2326484032,1.1929203901
DOM,0.9770298403,1.0335670901,0.9584907754,0.9777636093,1.3261311901,1.1475348984,1.084110879,1.0275887329,1.0392024254,1.1007454899,1.0559968404,1.0214454833,0.9949255376,1.155574058,1.0751367432,1.109830074
DZA,1.1690567069,1.1441517054,0.9521612888,1.105729575,1.1531585282,0.7124127106,1.1459406602,0.8999731883,1.032360629,0.8291259049,1.1105003575,1.023627978,0.919804822,0.9893927861,0.9278653601,0.9889033139
ECU,1.0945611454,0.8441599928,0.9200567446,0.8905869081,1.0036878526,1.0197805722,1.1829288234,0.8315916316,0.9989999596,0.8868986932,0.9514076744,1.0718772206,1.0696563316,0.9442501095,1.0124210683,1.0449695999
EGY,0.8464107818,1.2993313868,1.0193025712,0.7320498525,1.0411360499,0.8687716491,0.9963048721,1.0199879378,1.0391395381,1.0094941537,1.1427841661,0.891785081,1.0451997734,1.0814790856,1.0465665426,1.0443495853
ERI,0.9721054942,1.0996549324,1.142727073,0.5522007151,0.9069427497,1.0611353928,1.5139038836,0.9627106827,1.3460965919,0.5903914877,1.0438838109,0.8456705986,,,,
ESP,1.0159065386,1.0748088704,0.928977151,1.0364106963,0.9619382211,0.9864447211,1.1315581563,1.0344673806,1.1936886619,1.1587264176,1.0881871383,0.977627462,0.9697862207,1.161251999,1.0179457365,0.9111723271
EST,1.2625300271,1.0785433711,1.1845160721,0.897974465,1.0987054991,1.2763966452,1.2841354356,0.7537124879,1.0463080053,1.0394266622,0.519165997,1.0802218156,1.2129704809,0.7650528481,1.1235931685,0.9293633804
ETH,0.8653687137,0.6947659395,0.9522011914,0.7529974015,1.139539573,1.3067859888,1.058115413,1.0333045044,1.0178348705,1.1597565504,1.2651181035,0.8578841311,0.9471769206,0.7020994369,1.1602864326,1.1835909265
FIN,1.1790477637,0.8571376657,0.9527361428,0.8042526491,1.1825815837,1.4065122547,0.6763200025,1.1539407455,1.2578835917,0.9273007353,0.7609403914,1.2846558806,1.1646912721,0.9515674985,1.1503269213,1.1600115993
FJI,0.812068521,0.4579660924,1.5720000117,0.958289444,0.4595234086,0.6048058322,1.0424758044,1.2138069263,2.1913041672,-1.2603156566,0.0478072747,1.0634012605,1.0330178412,0.9747479146,0.9758022575,1.0901080849
FRA,1.0945077003,1.0362333528,1.0446198161,0.973617677,1.051448937,1.0075619266,1.0994715969,1.092582277,1.036346015,1.0305307479,0.9880399553,1.177848424,0.9905027261,1.0149472879,1.1818611054,0.9940589068
FSM,0.7716341755,0.4351549132,1.3463311569,1.0365172283,0.9353747552,1.3969921002,0.9361754852,0.6677177525,1.2525615107,0.2275707977,1.6229806036,0.9185564539,0.7820669795,0.878401135,0.7994029938,1.0537603546
GAB,1.0091875678,0.9969084047,1.0896301842,1.0141310487,0.9947681557,0.9902634145,1.214563408,1.140286994,0.9110621048,0.9233296426,1.0436010173,1.1719696793,1.0545085581,1.0337399073,1.046027272,1.0031695035
GBR,1.0474799014,1.0205080639,1.1063497784,1.0280379869,1.0465317737,1.0695249177,1.0561708448,1.0812524567,1.0371560402,1.0979273632,0.9615742109,1.1997383433,0.9418050113,1.0738841714,1.2365456865,1.1275703016
GEO,0.9481964241,1.4421425067,1.317349127,0.98132329,0.8170630244,0.8311045457,0.7407185903,1.1531802003,1.4414345992,0.6427156501,1.2502979922,0.6492872868,0.9851917944,1.0251573464,1.1194590613,1.0091356547
GHA,1.1549781658,0.8754052479,0.941528876,1.0462114621,1.1880749638,1.2176622566,0.4298968141,0.9844426807,1.3297130051,1.417500375,0.5517029847,1.3077250769,0.7502470236,0.6674923383,1.0801778593,1.0247353677
GIN,1.0383895648,1.0439895163,1.0627229162,0.9970982574,1.0468023465,1.3039858883,1.0499345712,0.9850275148,-0.5593874378,0.9308337365,0.7305749257,0.9403214186,1.2241722403,1.2672656089,1.0201492402,0.9603738136
GMB,0.9632142891,1.0611200047,0.7050324617,1.1373999963,1.0928488357,0.9811664818,0.9310619487,0.7184795968,1.0384948232,0.9999628574,0.9569425407,1.0651098251,0.9442511354,1.0162457117,1.028729043,1.0457179207
GNB,1.6124172635,0.9932309097,0.931756249,0.4860717245,0.9787143031,0.9738909991,1.0113140111,0.9263348188,1.0964026834,1.000649141,1.0566943555,1.1222723788,0.9048754501,0.9873010609,1.0641877825,1.0495352534
GNQ,1.4488545836,-13.0254275159,0.0527176205,0.8332336084,2.076145911,1.5451730331,1.1347017839,1.2873839649,1.489192647,0.9743998016,0.7972528855,0.2079186257,1.4551420262,1.0577689554,0.8290391852,0.6315858427
GRC,0.9735051502,1.0353182451,1.0853412981,1.0360651833,1.0928674899,0.94517909,1.1392414965,1.0227472548,1.0610329035,1.0255537821,1.0201689124,0.8750198259,0.9234570684,1.1043642693,1.0863754366,1.0903990281
GRD,1.1364171739,0.9214496723,0.9535932686,1.0770666256,1.0884166969,1.1512078503,0.7867764744,1.0575670352,0.8953200646,0.8677218208,0.9319518496,1.0718499787,0.8328037306,0.8009418687,1.0966809508,1.0782283888
GRL,1.170209016,0.9976194621,0.9805764418,1.0195667207,0.9350638537,0.9656163187,1.0797616867,0.976766971,1.001790223,1.287290975,0.7443450004,0.8962478471,1.4271558393,0.9407579217,0.9352190246,0.9877826625
GTM,0.8472460168,0.9014868405,0.9872879203,1.0994748461,0.9144441098,0.8990792523,1.0950139271,1.1296700672,1.2580995361,0.9365306475,1.089410326,1.0530735255,1.0361356664,0.7975642219,1.014166377,1.0481754858
GUY,1.0548637511,1.0634282317,1.0395074633,0.9983630848,0.9849418043,1.1928041331,1.3119081151,0.7051931107,1.0442741767,1.0568045484,0.8863968606,1.0342770383,0.8518980135,1.1647918194,1.0272193359,1.0178296526
HKG,1.2639723944,1.1343349869,0.9439116347,0.8704520337,1.253426553,1.0401878106,1.2263106833,1.0475624544,1.0306973179,1.0328435235,1.2037098907,0.9437175178,1.0500526559,0.9896896066,1.0770120207,0.9096365308
HND,0.9892545048,0.7796350465,0.9403839537,0.8631189546,0.9425449467,1.0687044655,1.2807551588,0.6026312109,1.1093718368,1.1334812062,1.0480533055,0.8264879309,1.0758864926,1.0376213408,0.9976492234,1.0362489747
HRV,1.1183429694,0.9500567974,0.9983017769,0.9876156248,1.112238745,1.0436415713,1.0753487119,0.9929592839,1.1414643064,0.9944388587,1.0365647865,1.0480450703,1.1326283604,1.0228902445,1.0719021504,0.9927666279
HTI,0.9620650897,0.6857463081,0.6682791795,1.1078602438,0.6429265773,0.9467400648,1.0092513599,0.7985654203,1.0107180295,1.170348649,1.0125899709,1.0218869369,0.9671581592,1.0071238226,1.0099390684,0.9817692378
HUN,1.1920038513,1.0175304093,1.1250765869,0.9798178615,1.151061168,1.0843360173,1.0966427611,1.0536805168,1.0553938073,1.0608880195,0.9949548226,1.1058592346,1.1060025236,1.165225311,1.0975600048,0.9663716534
IDN,0.9169330869,0.8294384028,1.0079554565,1.0284785567,0.9657199599,1.0873118509,1.0912243563,0.9449879921,0.895275905,0.9459477586,1.2060087232,0.4279939307,1.0266004294,1.5231748933,0.9280966253,1.0263470301
IND,1.0029464763,1.0780181355,1.0504258242,1.0678174785,1.0549736024,1.0619736955,1.0463667392,1.028854368,0.8449383417,0.9432570714,1.2281327315,0.980073818,0.9180608686,1.1111065204,1.0189499866,1.0517111205
IRL,1.0582524236,1.0133066392,1.177774784,1.0911233305,1.1123427968,1.0299792226,1.1407671764,1.0721885693,0.925611777,1.1232571463,1.0617405439,1.1754467914,0.9707835718,1.0739082243,1.1968351396,1.4828242112
IRN,1.170901555,0.9055960777,1.1441762717,1.0863857247,0.9471067207,0.9848815031,0.9361340749,0.9716444437,0.9430862102,1.0133145381,1.0833992391,1.0280341322,0.7906864635,1.0444878872,1.0156601816,0.9403373021
IRQ,1.0236314434,0.6859562545,0.8186068545,0.2641986041,1.4425445206,1.098064817,1.4762727749,1.7740713332,0.1262387404,0.8187548865,0.9770322859,0.7488723772,0.9738988419,0.9316385399,0.9785561954,1.0823998251
ISL,1.0369227794,1.0905997884,0.9430187819,1.0511083372,1.1289809719,1.1630235504,0.9959766407,0.9750223439,0.8247437991,0.8856474095,1.00596362,1.0904756321,1.0292254937,1.0812608855,1.0565978101,1.0108452646
ISR,1.0075631965,0.8939495175,1.1175962889,0.9200707141,1.2284605667,1.1594185746,0.9166082644,1.102849769,0.8940184013,1.137279954,0.9697128587,1.0938192952,0.8603018619,1.2080888586,1.1259306705,0.9644208619
ITA,1.0505688807,1.0096380045,0.9948545472,0.9350068543,1.0186646835,1.0264665799,1.0579121088,1.0640720502,1.021858695,1.0942674263,0.9855929145,1.0694279818,1.0721969633,1.1043504465,1.1085965257,0.9067791565
JAM,0.9511312804,0.9667314831,1.111115849,0.9887388371,1.02578243,1.0503227234,0.8652177075,1.3518297439,0.8687127926,1.3863464255,1.0947608485,0.9051237098,1.089806068,0.9006889308,0.9601852608,0.9791204698
JOR,0.9532996543,1.0398455798,1.0020460302,1.012728917,0.9598891886,0.9661702682,1.1557067997,1.073521752,1.2091388675,1.0572977941,1.1119705801,1.0050942048,0.7546393639,1.060773047,1.0036689146,1.0384949098
JPN,1.0212564243,1.0347243933,0.9434506201,1.0226402826,1.0457388231,1.0215975543,1.0604216092,0.9787625756,1.1052430017,1.006395115,0.9953899228,0.9171212896,0.9750928148,1.0161300471,1.0770058548,1.0691677123
KAZ,0.7610067152,1.381900401,0.9128132904,0.9583981563,1.0907249637,1.0417988316,0.9688604436,1.1171495424,1.0733967174,1.0664610286,0.8957631207,1.2277073485,1.0685825914,1.0539406477,0.998382873,1.0943855643
KEN,0.9635433686,1.2807408728,1.3107763308,1.3677643265,0.8381895837,0.8645878357,0.885396745,1.0815586357,0.9209977039,0.6475870942,1.1977465784,0.9049459297,1.2345139828,0.9885057096,1.0617522001,1.0889564645
KGZ,1.1246580197,1.4345563701,0.4535609628,0.9400070412,0.9744131465,1.1611383968,1.0924543258,1.0282763888,0.4378857396,1.2879032604,1.1101564387,0.7086325111,0.3548425369,1.2763875603,1.1303337976,1.022190472
KHM,1.0865122076,0.8733363869,1.1719525244,1.0073309161,1.1484726786,0.9772579928,1.045579717,0.8778823232,0.8757404792,0.613983614,0.9602041901,1.0611083909,1.0469900967,1.1039498515,1.0147406591,1.1194616929
KIR,0.8671874999,1.4117647051,-0.0887505327,1.0401264926,0.7870758509,0.2450675002,0.7349458699,1.5761544179,0.8215137091,1.5398981427,-0.1142929335,1.0095368449,1.1037559699,1.1156433261,0.9117168807,1.0482769567
KNA,1.2138864571,1.1092755342,0.8895776886,0.7094906576,1.0042646445,1.1080831053,1.0362405881,0.8715795557,1.1258383045,0.8526962457,0.9550179386,0.9909608856,0.9060440125,1.1243978896,1.0691457977,1.02946655
KOR,0.9292797086,1.0784736122,1.0775158626,1.0561249366,1.0274055308,1.1603108634,1.0692469783,1.0000448305,1.007832113,1.0091183621,0.8951636552,0.9921127595,1.0641026014,1.0286778447,1.0694880467,1.0526436801
KWT,1.1113987789,0.8616218768,1.0393371081,1.2831706858,1.0882010114,0.9365814098,1.0859525558,1.0788810372,0.8478845459,0.7518323744,0.900117206,1.1597183608,0.90288559,1.0863488601,1.0094753187,0.9607287874
LAO,1.0915726292,1.2596972195,0.4608192217,1.2132170533,0.5768667216,1.12580077,0.9545061949,2.0107887048,1.0726976911,0.4664056197,0.5382699421,1.1793894878,0.4749311428,1.1463677198,1.0663579986,1.1152293812
LBN,1.1786617143,0.9538668429,1.0895199973,0.7878359378,1.2748495838,1.125896252,1.2486464143,1.3282200014,0.6012697246,0.7607681139,1.2413848129,0.9997641155,0.8275513717,1.0232063492,0.9794464281,1.0258848747
LBR,1.4029735306,0.7260074818,1.090348839,0.283013982,0.6981802777,0.7268453927,1.1085910894,1.406395541,1.4712044271,1.2793072605,0.0111055745,0.9049492736,0.8444876033,1.3226211834,1.0259990269,0.9590528859
LBY,,,,,,,,,,,,,,,,
LKA,0.7325452817,0.9292871914,0.9596934405,1.1147070677,0.8824424192,1.1580402513,1.174761965,1.0707189073,1.1434541331,0.9093655863,1.0792664903,0.93306022,1.0464491684,1.0931950146,0.9755637233,1.0727070094
LTU,1.3226783026,1.0069442617,1.1176170825,1.2123046014,1.0359207502,1.0345968137,1.0951654675,1.0267768802,1.1382632753,0.9804616528,0.8915068442,1.0755825678,1.0684228511,1.2139628628,1.1098570195,1.0272820284
LUX,0.9537488225,0.9329651286,0.9109907799,0.9574381446,0.7945657196,1.0193257723,1.126897472,1.2706582284,1.0016570197,1.0028882722,0.9915967992,1.0713056241,1.0460879875,1.1879707685,1.2073882856,1.0526782141
LVA,1.276882351,1.008006733,1.1340787996,1.1140104321,1.1638734935,1.1933468513,1.1026846546,1.1173447421,1.0252054841,0.8823491929,0.6382968583,1.3073568708,1.1547295865,1.0981004858,1.0955972444,1.0221284863
MAC,0.9771154232,0.9940868116,1.378799002,1.2178037251,1.2536956721,1.0286724308,1.5047226542,1.4046060432,0.0823049569,0.7139746206,2.0699949235,1.0155121229,1.2595905727,1.3227884591,0.8383915318,0.5458914624
MAR,0.9924747597,0.913427852,1.0333975365,1.1565379092,0.7824367796,0.9503398717,1.0764917045,0.9486671529,1.0106067024,1.1010153019,0.9413106548,1.041564848,0.8828913657,1.2265370516,0.908669454,1.0690531867
MDG,1.142182579,1.2654962468,1.2907561793,0.4051138278,0.9768544446,1.1667608838,1.1695123866,0.9630542525,1.0588819826,1.0415005835,0.7938042741,0.6631500897,0.7516652051,0.7335142203,0.8087057495,1.0710773241
MDV,,,0.5210234775,1.6088644385,0.5835582112,1.0272719525,0.8212258192,1.142520305,1.083697093,0.8004189394,1.1089509026,1.0464055508,0.7851266975,1.1496964975,0.9810703204,1.0353380995
MEX,1.1064623085,0.9194562049,1.0217443158,0.9561874369,1.0564773258,0.9439381638,1.0525166612,1.002135797,0.9594240089,1.0044073646,1.1268685397,0.9818011529,1.0187315985,0.9948759754,1.0767959099,1.088837961
MHL,0.7746627291,1.0094751533,0.9602189565,1.0034026614,0.9119591662,1.1394834341,0.8628845286,0.9082498755,0.9672819107,0.8923700909,1.1287565328,1.0335394841,1.0739957035,1.0471819796,0.8468134063,0.9913300708
MKD,1.031479839,0.9494295229,1.2084663571,0.9752738655,1.1147258618,1.0783687266,1.1647617756,1.4021836286,1.1292750729,1.1423251315,1.0894657914,0.8622252245,1.0812946033,1.2096198655,1.1599615916,0.9959127585
MLI,0.9342867959,1.2882947676,1.017191141,1.1914336124,0.9523286694,1.0788455219,0.993001034,0.927347624,0.9688804725,1.5982694212,0.706779115,0.8947942004,1.0811112823,0.9788860038,1.1545305232,1.0725871556
MLT,1.1390559395,0.8988954672,1.1284089334,0.8849072713,1.0550216624,0.9727400133,1.0070695769,1.0390774038,1.0735629014,1.0472588546,1.0663068835,0.9565289987,0.9914627785,1.370088748,1.1598347914,1.1331921332
MMR,1.0083915923,1.5126668076,1.1228668565,1.128696523,0.7097414591,1.4149759353,1.0318067238,1.2355937161,1.7069401891,1.1188402452,0.7245803454,0.8190741233,1.3444676008,1.2217049938,0.9857248063,1.0690618761
MNE,0.8370257878,0.8721741576,0.8985103039,0.9097109855,0.8986227194,0.9009539383,1.3023698896,1.329830095,0.6801217674,1.5398544073,0.2117740682,1.0732293857,1.1256341843,1.1476706482,1.1255706373,0.9824859923
MNG,1.0356149264,0.9569334035,0.9899124641,1.2032932214,1.0769618747,1.1424070952,0.9683740952,0.60753427,1.1824520474,0.7990809413,-0.6931921193,1.0882977039,0.8503784378,0.659806967,1.0299051301,0.9959993611
MOZ,0.759685673,0.8902502718,1.166192332,0.700796092,1.1522502766,1.2819602667,1.0154598338,0.852747022,1.1341711719,0.8866197639,0.9660080719,0.7730942012,1.209965414,0.5464798186,1.1299378584,1.067960008
MRT,0.9467596973,0.8697310164,0.8918601667,1.057995481,0.8978007939,1.1095657276,1.3470537052,0.7606769736,0.9216590018,0.7869831037,0.9858369037,0.9497817427,0.8921427497,1.1274982757,1.1235041039,0.9879633166
MUS,0.9531921578,0.9217580842,1.0267389947,0.9489245598,1.0952031814,0.8911442668,0.9596752206,1.0812915123,1.0628236131,1.1058570024,0.9658909675,1.0796399233,0.9918742763,1.2394232407,0.7566721318,1.0889672379
MWI,1.1700089383,0.9084935523,1.0506008234,0.9434027147,1.0690573679,1.1876414192,1.01212,1.2242461538,0.8040248652,1.3407495887,0.7524237452,1.1033843038,1.1374126814,0.844168831,1.0038622429,1.0404971921
MYS,0.8327462211,0.8526863096,1.1362552103,0.7385769618,1.0628861547,0.9730409225,1.1916248785,0.9748319515,0.8550095512,1.000094084,0.9347920405,1.0877507003,1.1253108815,0.9272328376,1.0976049905,1.0151166721
NAM,1.0967369043,0.5655198973,1.3564133405,0.9528910192,1.1456948909,0.6909538513,1.1250291282,1.1030575765,0.2222578796,1.1625385169,1.10109187,1.2838604961,0.7017628311,1.3723905406,1.1142662642,1.0706752656
NER,1.5064765184,1.2619893254,0.923893644,0.9340209422,0.8569999999,1.3387162165,1.1793230767,0.9769434418,0.9364182278,0.5979929504,0.7253894386,0.7806942915,0.3761459589,1.0005153576,1.0238635119,1.0546529086
NGA,-0.4709448391,0.9805806463,0.7144189705,1.3139312274,1.5766135723,0.9085232884,1.2795164274,1.2167923237,1.1016905716,1.5565044007,0.7429224466,1.0069543039,1.0102812616,1.1900563148,1.0535467981,0.9424680328
NIC,1.005674282,0.9504171982,0.9779365146,0.862793271,1.0994167382,1.1347299012,1.0068936032,1.0375459123,1.1496998949,0.9015252483,1.0698617615,0.9695530441,1.2168031476,1.145152751,1.0496795505,1.054455495
NLD,1.0748530955,0.9840123458,1.0085730161,0.9670250592,1.0217637203,1.0878121386,1.1250268176,1.0691863791,0.9990881693,0.984552956,0.8896917037,1.17400038,1.0272161031,0.9984752807,1.1219517585,0.9806283407
NOR,1.087769589,0.9777299305,1.0692253922,0.9594762488,1.0599826787,1.0877796836,1.030913951,0.9694478778,1.0492456459,1.0418313368,0.8903221009,1.0582731965,1.0726978761,1.0310110024,1.0584240511,1.0274140803
NPL,1.2202892937,0.9638663736,1.3954586119,0.9108454867,1.2177821599,0.7537436833,1.4106665561,1.0274906927,0.4861457898,0.5448015893,0.7549676019,0.876668344,0.9802732729,0.8533487637,1.013701599,1.0323552594
NZL,1.0044721611,0.9289871722,1.0823515845,0.9894373009,1.103171096,0.976857047,1.0628928418,1.1046699335,0.9221108094,1.1459267901,1.0183377589,1.082978627,0.9710973672,1.0789337943,1.0377935953,1.0512621518
OMN,0.9901771891,1.2399887191,0.4695942613,0.4105370311,1.299533893,0.9118439702,0.4403348438,0.877786102,1.2111690739,1.0553501335,0.8042934633,0.7472169963,1.075343029,1.0191098724,1.0923869475,0.9966808157
PAK,0.9617818755,1.004868184,0.9556018316,1.0105494475,0.9257501279,1.0739075409,0.9811130884,0.9168963164,1.0317991761,1.0596258462,0.9996423148,1.0472766925,1.0569126052,1.2094167816,0.9723892766,0.9808482868
PAN,1.0110370473,0.5897586808,1.3726365558,0.9858974033,1.2679302646,0.7747293001,1.0108262192,1.2892481035,1.1212224336,0.6971394693,0.9802162006,1.0200306449,1.1876379705,1.0753797752,1.0443963675,1.0819741496
PER,0.9890738393,1.2197261351,1.1074065383,1.1438835556,0.6706720741,0.7868023763,1.2768024506,0.6873890244,1.2769748859,0.4978249657,0.9293527477,1.4117381909,0.9197774737,1.0176397469,1.0077560451,0.9903159255
PHL,0.9656466115,1.1203049414,1.0647148338,1.0938188866,1.0607442467,1.0743615799,1.3006804257,0.9956702554,0.8938412544,1.0558993138,0.9558385634,1.0572719051,0.9951775952,0.9843798119,0.9961049903,0.9416104105
PLW,0.973741408,-0.1000112922,1.1319910515,0.7939910486,1.1389355745,0.9856818578,0.8313601812,0.9262282401,0.8882384248,0.8184892895,0.9943877055,1.0313345678,1.0640000004,0.9512735317,0.9474279126,1.1649733372
PNG,0.7724373559,0.5906684577,0.8232457235,0.7775563636,0.7755876907,1.1740989787,1.0814092546,0.2721163496,1.5791128509,0.9951732234,1.3284174955,0.9583309445,1.2609791444,0.6597162167,1.0251084518,
POL,1.1549075689,1.049216044,1.0904241955,0.9872216541,1.0767760758,1.0755645118,1.0398882479,1.1421270426,1.1270873303,1.1389264777,0.9555693467,1.1022516663,1.0751207043,1.0534540323,1.1421436728,1.040646353
PRT,1.1112074279,1.0466802373,0.9007890076,1.130685457,0.9519259165,0.9399025985,1.1654844775,1.1334413807,1.071809696,1.0330331066,1.2011118179,1.0155652379,0.983256077,1.0541543258,1.029178892,0.8824446375
PRY,1.3110970434,0.9120467354,0.959269172,0.9960756263,1.0719566078,1.1695696698,1.0138275818,1.0309505126,0.9698518079,0.8916200405,0.9885752149,0.9971726969,1.0176850818,1.3771926082,1.0478659672,1.0165271833
QAT,,0.686572218,1.1682354773,1.043717906,1.3092595755,0.7627219814,0.967744854,1.3665133816,1.2994102453,1.0960124586,1.2841216806,1.0377936062,0.7453956636,1.2858546162,1.1776433555,0.8208106787
ROM,0.9495283404,0.9935827809,1.098504484,1.0100910121,1.1893117239,1.1286835076,1.0836280796,1.1703911171,1.2366926762,1.1586684999,1.0922995754,0.8959992829,1.0522804981,1.309475372,1.0619151908,1.0313637677
RUS,1.211761095,1.049607953,1.1098648681,1.0954007153,1.1347047883,1.1029508319,1.0855597835,1.1708989612,1.0654010953,0.9671349502,0.978669089,1.0181374544,1.0582041826,1.0964635672,1.0087302544,1.0078559864
RWA,1.0921982877,1.1557328599,1.2637254907,1.0860112602,1.1190916688,1.1877712032,1.1846375766,1.0384615383,1.2787440703,1.0003130545,1.0930094961,0.897622928,0.946038078,0.9208718311,1.1746747075,1.1332088955
SAU,0.4725806994,0.9739215735,0.7499389616,1.2192406567,0.7235082513,1.1020899782,0.8767807717,1.246658867,0.8994906,0.7812402259,0.8742804536,1.2799082308,0.8404791896,1.141974234,0.9451261991,0.991379778
SDN,0.9486487871,0.8179987116,0.5616726533,0.9107397393,0.5403503966,1.2367466364,1.0041974437,0.8585315456,1.0400542664,0.9763840205,1.0200055956,0.9957236005,0.9676970825,0.9784883493,1.0654520848,1.056973217
SEN,0.9328395062,0.887799352,0.929843869,0.9202599289,1.0112182883,0.884783098,1.426052624,0.9033632392,1.1082462459,1.2510324274,-0.3244336265,0.8728199459,1.1992971654,0.9386364822,1.0217153355,1.1105793348
SGP,1.2223070328,0.9592194995,1.1794553757,1.7854980738,1.3699242228,1.0124437614,1.1469322891,1.9204306122,-0.6055815142,0.9391599108,0.902050057,1.3881206671,0.2104054011,1.2527727334,0.9842544047,0.9475632427
SLB,0.7146503394,0.7444179935,0.9439999498,1.0316667024,1.0979674186,1.1084238649,1.1389329997,0.9579272971,1.0556005298,0.8273336999,1.0981235296,1.2183943166,1.0932122371,1.0602877369,0.8942992517,1.0529995124
SLE,0.8024101925,0.20878606,1.3647938324,1.0362869389,1.1631402065,1.3902293788,0.4070389791,1.4212393331,1.0375707878,1.1269100671,0.8765555124,0.6100381352,0.9874499247,1.0687106042,1.102848688,0.5549241319
SLV,1.0274428066,0.9620478184,1.0156295217,0.8740395914,1.0946177476,1.0431139654,0.9542697769,1.0374903675,1.1502825967,0.9682199601,1.0559588039,0.9497642355,0.8705933195,1.2724035787,0.9848685948,1.005388615
SRB,0.9250490116,0.9471282233,0.9992225781,0.9466923272,0.9872479009,0.9266956338,1.2268311929,1.1769081087,1.1212592667,1.1613368315,1.0228384529,0.8847454549,1.1872082984,1.0143459825,1.066430992,0.920978727
STP,,0.9074987173,0.7584277248,0.8732526127,0.8501642898,1.0383285244,0.9831551713,1.0650720987,1.163723436,0.8725027739,0.9681021177,1.0122609961,0.8451874002,1.0962958875,1.1377618852,1.033251344
SUR,0.9327510286,0.9377283007,1.731635211,1.120203091,1.2123556971,1.0689340003,0.9128827682,1.0279439057,0.9798054398,0.9814701341,0.5411701139,1.4734862607,0.7388152407,1.3879906373,0.9591617035,0.9025304968
SVK,1.1186222664,0.9520570976,1.178656232,1.0853096677,1.079975575,1.1348218903,1.1818122404,1.2954481569,1.0867929974,1.0709921098,1.0486606255,1.083069305,1.1403018969,1.0563695386,1.1663217041,1.0301934512
SVN,1.0688694943,0.9376124649,1.0591156095,1.0859217879,1.0431550459,1.0433827525,1.0898717914,1.1216084525,0.9544970458,1.0435938172,1.0204144826,1.0148500267,1.0123573452,1.0602759413,1.2845216067,0.9887786642
SWE,1.1361512482,0.996046621,1.0071750602,1.0272825985,1.1140874284,1.1487218903,1.099900937,1.0978694574,1.0672684488,1.0329057247,0.8674413994,1.2031770416,1.0988953045,1.0965963417,1.1195132379,1.1225295047
SWZ,1.1187727817,1.0955600264,1.1203552009,1.2303484062,1.0939878543,1.1419682792,1.1272531253,0.9927631157,0.9541093128,1.1256792627,1.0901764102,1.0235049646,0.7868961412,1.3383399159,0.8340106613,1.0368963431
SYC,0.7838303909,0.7391030118,1.3266574123,0.8426425776,0.2726824693,1.315293084,1.0544590717,1.4714555174,0.798779661,0.8410891686,1.2618403125,1.4341914425,0.7646160958,1.2927046273,1.0797571861,1.0238502374
TCD,0.0773140208,1.2772581377,1.2141840283,-1.412926809,1.6950517996,1.2200491987,0.9761490454,0.790738776,0.851555022,1.1578135137,1.1594459942,0.9165157494,1.1634418223,0.86382435,1.1516536385,0.9902786212
TGO,1.2125498108,1.2562011379,0.8622358709,0.7147984576,1.1335628401,1.1080933493,1.2599435165,0.7359948693,0.6495379633,-0.2599267245,1.2062350105,1.2559422311,1.3052799754,1.0171283904,1.1272665582,1.073706939
THA,1.0293925897,0.9192885825,0.9776156071,0.982143064,0.9548044423,1.0478254872,1.0367960601,1.1064256803,1.0340817405,0.8686364321,1.0108385988,1.0045997823,1.0386447166,1.0686266027,0.9752580431,1.0395588607
TJK,1.3994658152,1.1523114959,1.5937535985,1.0020077421,0.7118321859,1.2315836307,0.956621658,0.7060055409,1.3701428119,1.392507597,1.052832593,1.3063890361,0.5284711245,0.7869796025,1.1648556422,1.073926786
TKM,1.1169801386,1.0577334138,0.9056225498,0.8296376968,1.0108482247,1.1785587824,1.1681285354,0.9427852989,1.2637961788,1.3573832777,0.8952223191,1.0952825948,1.1409932033,1.1425671426,0.8861778868,0.7616720064
TON,1.3385565801,1.2286525334,0.7293460722,0.7534450878,1.1177519623,0.9644493113,0.7267390702,1.140495028,0.9308633861,0.8620870988,1.297693799,1.3093384673,-0.4888820417,0.6160500377,0.9050687332,1.0524377443
TTO,1.0402628061,0.9765235408,0.9867929439,1.2353912838,0.9419962395,1.211296595,0.0418177426,1.0169790181,1.1338774345,0.9861684343,0.9288906376,1.0361481602,1.0915086559,1.0008302476,1.0150119382,1.0165110947
TUN,0.9164734958,0.9843973212,1.0221957311,1.0562669861,1.0225590378,1.0366026666,1.0749939723,1.0336398812,1.0241831162,1.0638681438,0.8344890861,1.0790408049,1.0029079798,1.0076304328,0.9446231154,0.8631825585
TUR,0.8708794975,1.0065759258,1.0441619608,0.9801253996,1.0861117132,0.9658892485,0.9710561522,0.8904828199,1.0749578867,0.9841162605,1.1041236956,1.1053776978,0.9441793022,1.2167061716,0.9458076429,1.0990536716
TZA,1.0068713076,0.7495593746,0.8372616013,1.0130433522,0.8522316579,0.6194170743,0.898231662,1.2149367594,1.0256791648,1.1824428823,0.7129256826,0.8695126874,0.7347376199,0.8832959807,1.0848622156,1.0507422327
UGA,0.8812587881,0.9879285933,1.1087914601,1.0760250359,0.9558998305,0.6129963934,0.8596395762,0.8791214545,0.9569908037,1.011172969,0.7853843356,1.004613454,1.1629541571,0.667625314,1.0459886876,1.0782419796
UKR,1.2098930636,1.0349021135,1.1663497836,1.1599154709,1.1600929935,0.9816841333,1.0229410929,1.1292633562,1.1258094789,0.9812548044,0.9513315163,1.0079813363,1.0417717295,1.0553956795,1.1373032194,1.1584146227
URY,1.3793573133,1.0030980249,1.0226675148,1.0256678347,0.6488778782,1.0881849562,0.7735559193,1.3313338347,0.3563294786,1.1364054265,1.5920589984,0.6587247056,0.8265562175,1.3490871245,1.0170874647,0.9657440548
USA,1.0210044414,1.052366454,1.021594491,1.0402392013,1.0366393845,1.0583127596,1.0799284317,1.0091046183,1.0589100761,1.0892843793,0.976682398,1.0778262546,1.1209791717,0.9757385999,1.0277492024,1.1038512647
UZB,1.0288176407,1.0478770183,0.9992427895,1.1557363071,1.2086676261,1.2681251335,1.0983874016,1.1972897734,1.1153218435,1.3712468212,1.2276648982,0.9757164431,1.1249818076,1.3860912516,1.0766475069,1.1164429491
VCT,1.2567903661,0.5803421092,1.0422526124,1.0316253593,0.8562853701,1.049760097,1.153767184,0.9022290601,1.1333402484,0.2238701313,1.5113014649,1.1911936188,0.468222185,1.3876583924,0.9740975981,0.9867553731
VEN,1.3172873935,0.7988035817,0.593306817,0.8569598807,1.8244549817,1.0211394568,1.1412711712,1.2825533936,0.8715637553,0.9285418912,0.8677489636,1.1943665525,0.8844225682,1.1597401917,,
VNM,0.8776994156,0.8357600646,0.8002233626,0.9053551023,0.8402931623,0.9768752384,1.0425043461,1.099713787,0.8559413298,0.8133642212,0.9383767316,0.9211752085,1.1513001277,1.1812384179,0.9049066982,0.9395342541
VUT,1.118440891,0.8447900654,0.9789792878,1.0858686236,1.7005182635,1.1060570462,1.560175372,-1.1060906468,1.2054328424,0.5188756581,1.0325816318,0.8415343057,1.315309929,1.1696855963,0.9102156214,0.9627716789
WLD,1.0381341716,0.9825592292,1.0140256546,0.9435972164,0.984726762,0.9786912488,1.0138779164,1.0253639703,0.993085361,0.9856321539,1.009258526,0.9889840904,1.0184023668,1.0237944659,1.0422845314,1.053505123
WSM,,,,,,,,,,,,,,,,
YEM,1.0131739971,0.8514396404,1.1399036053,0.8758925852,0.8935919669,0.9852616771,0.9872099912,1.0495577594,0.940130016,0.8745292274,1.2495557117,1.0467064453,1.1893801685,0.3064133431,0.9470941576,0.4277082608
ZAF,1.0644376103,1.0901701387,1.1576831719,0.7868489239,0.859824128,1.2572508796,0.9593026115,1.0176122761,0.932730354,0.9466239533,1.1784543694,1.0616630147,1.0568918301,1.0533563898,0.9929927587,1.1024120543
ZAR,1.6556489939,0.9045100999,0.8364248593,0.9815467564,0.6890118768,0.6057891884,0.9758977262,0.9497503077,1.0065498,1.1790581521,0.8148435067,0.6420365802,1.0662040501,0.9908406938,1.2041269671,1.0929925117
ZMB,1.0614030655,1.0113215108,1.0075313183,1.0050164097,1.1082990906,1.0065549141,1.3313269676,1.4839484094,0.6842381526,0.8538739808,1.0533529372,0.941611275,0.7653017777,0.8980728661,0.9835935147,1.0454955003
ZWE,1.1764404831,1.220841658,0.9178116073,0.8603214895,1.0970198992,0.6229212662,0.9896580405,1.0323776184,1.0368473953,1.022503426,1.0681829156,0.7753311454,1.0323698915,0.9709657758,0.5825872481,1.0741390822
