wb_name,2000,2001,2002,2003,2004,2005,2006,2007,2008,2009,2010,2011,2012,2013,2014,2015,2000-2015,ISO,
Albania,0.012285012,0.066747573,0.163822526,0.144672532,-0.029888984,0.021126761,-0.08362069,0.00752587,0.113912232,0.000838223,0.050251256,0.139553429,-0.100769769,0.021789883,-0.003732023,0.012003279,0.606555026,ALB,
Algeria,-0.045459974,-0.041369532,0.077826598,0.018485631,-0.032852501,0.197049785,-0.055658246,0.082354647,0.007334226,0.100934207,-0.018571644,0.016861538,0.072621641,0.032526518,0.072584006,0.042385605,0.70656017,DZA,
Andorra,0.021428571,0,0.013986014,0.006896552,0.054794521,0.019480519,-0.050955414,-0.013422819,0,-0.040816327,0,-0.04964539,0,0,0.00710376,0.007375926,-0.049319586,AND,
Angola,0.042050461,0.019984627,0.301431801,-0.284308049,1.073220065,0.019317073,0.162327718,0.129611331,0.022160665,0.081015547,0.045520517,0.044169611,0.100797679,-0.027997365,-0.000545141,0.016048384,2.455100984,AGO,
Antigua and Barbuda,-0.010526316,0,0.053191489,0.070707071,0.047169811,0.009009009,0.035714286,0.103448276,0.0234375,0.061068702,0.028776978,-0.020979021,0.021428571,0,0.024332195,0.022473021,0.593312137,ATG,
Argentina,-0.032981563,-0.059208999,-0.067350409,0.082975595,0.166784318,0.028691099,0.082202316,-0.001484052,0.079525235,-0.04836145,0.044217133,0.019767396,0.003788821,-0.01321082,0.006122732,0.013803204,0.362189337,ARG,
Armenia,0.149635036,0.022222222,-0.140786749,0.126506024,0.063101604,0.19416499,0.00673968,0.155648536,0.09775525,-0.215699208,-0.032800673,0.166086957,0.158090977,-0.03477141,-0.005988749,0.023554537,0.613883242,ARM,
Australia,0.017955416,0.022201258,0.011765745,0.017920092,0.035763345,0.010646569,0.014401556,0.019641224,0.013593658,0.010416271,-0.005502495,-0.006143424,0.006830026,-0.023492704,-0.009541085,0.016826374,0.142493542,AUS,
Austria,0.009360468,0.060727929,0.025990527,0.081764053,0.004678608,0.015301949,-0.033340876,-0.03466358,-0.002717922,-0.08618676,0.071644588,-0.030395748,-0.037375434,0.003817837,-0.054366004,0.035486116,0.004047538,AUT,
Azerbaijan,0.032593353,-0.024978253,0.0293143,0.033803863,0.048149479,0.070049137,0.140645023,-0.221046718,0.163701923,-0.101425325,-0.038390805,0.090246235,0.063041333,0.002475248,0.046797598,0.028232237,0.300128255,AZE,
"Bahamas, The",-0.004376368,-0.059340659,0.004672897,-0.037209302,0.1352657,0.010638298,-0.044210526,0.015418502,-0.114967462,0.098039216,0.5,-0.226190476,0.005769231,0.621414914,0.02326875,0.022433832,0.949886706,BHS,
Bahrain,0.034595035,-0.252950433,0.127172196,0.049053959,0.063237586,0.096963351,-0.019663994,0.417526777,0.109355681,-0.077894737,0.067150148,0.007802668,-0.009490509,0.09871407,-0.024359661,0.063710209,0.77899581,BHR,
Bangladesh,0.104330137,0.164605263,0.03852672,0.058311575,0.056949013,0.047072554,0.102916589,0.019875358,0.116019818,0.086052534,0.114593269,0.059657702,0.06149054,0.02179111,0.040918188,0.066099321,1.745540266,BGD,
Barbados,-0.018181818,0.027777778,0.006006006,0.032835821,0.020231214,0.045325779,0.013550136,-0.005347594,0.188172043,-0.002262443,-0.0861678,0.034739454,-0.038369305,-0.014962594,0.02382016,0.020478679,0.273736803,BRB,
Belarus,-0.041432492,-0.019089174,-0.006741729,0.021482052,0.086450199,0.017339218,0.049085838,-0.024930584,0.042653741,-0.03870068,0.032883999,0.015918535,-0.006797627,0.00864219,0.010547751,-0.055725653,0.131315435,BLR,
Belgium,0.016964583,-0.005271253,0.002911468,0.01197312,0.008755167,-0.027382258,-0.022366265,-0.035089923,0.019785245,-0.108672173,0.064063015,-0.080676639,-0.038249472,0.008056359,-0.05326392,0.037609706,-0.208739916,BEL,
Belize,0.189473684,-0.008849558,-0.107142857,0.05,0.028571429,0.046296296,0.044247788,0.059322034,-0.16,0.123809524,0.245762712,0.108843537,-0.196319018,0.076335878,0.024754638,0.022138915,0.306984644,BLZ,
Benin,0.023474178,0.135321101,0.145454545,0.132275132,0.065420561,-0.045321637,0.617151608,0.160984848,-0.018760196,0.056525353,0.092053501,0.042507205,0.03870076,0.051896208,-0.005793687,0.019874839,2.676789565,BEN,
Bermuda,-0.0078125,0,0.062992126,-0.051851852,-0.03125,-0.129032258,0.314814815,0.401408451,-0.110552764,-0.299435028,0.258064516,-0.307692308,0.12037037,-0.181818182,0.024332195,0.022473021,-0.183560226,BMU,
Bhutan,0.028571429,-0.027777778,0.085714286,-0.096491228,-0.184466019,0.285714286,-0.009259259,0,0.074766355,-0.07826087,0.254716981,0.503759398,0.115,0.080717489,0.047010792,0.011375872,1.362963612,BTN,
Bolivia,-0.090671885,-0.039096126,-0.026129153,0.476811039,-0.073968336,-0.068665919,0.235630454,-0.1809547,0.073446328,0.056786704,0.086762779,0.061987458,0.163979105,0.048390244,0.033281551,0.0124819,1.016183305,BOL,
Bosnia and Herzegovina,0.328621908,-0.030851064,0.07025247,0.013076923,0.077448747,0.038054968,0.083955646,0.005010438,0.141670129,0.027292576,0.027630181,0.122716305,-0.068160884,-0.015815486,-0.057545326,0.049976938,0.572235529,BIH,
Botswana,0.196055684,0.01842871,0.033333333,-0.037788018,0.018199234,0.050799624,0.009847807,0.023049645,0.064991334,-0.128559805,0.221288515,-0.082568807,0.010833333,0.219291014,0.147316356,-0.008542961,0.631798742,BWA,
Brazil,0.024395272,0.028811968,-0.015312055,-0.032038406,0.050383664,0.028070252,0.001034716,0.044710474,0.067229351,-0.052843683,0.143285192,0.04683405,0.069674286,0.071587948,0.047120307,-0.022987846,0.571072973,BRA,
Brunei Darussalam,0.205440901,-0.043579767,-0.028478438,0.048576214,0.088658147,0.001467351,-0.028571429,0.730769231,0.083660131,-0.137917169,0.043376866,0.181940098,-0.004538578,-0.193389058,0.103397433,0.063301542,0.938363751,BRN,
Bulgaria,-0.018661577,0.082517584,-0.0571145,0.091876311,-0.022302406,0.020949433,0.025097576,0.072949416,-0.027634351,-0.15264522,0.048023855,0.112179403,-0.092217412,-0.115833244,0.061275602,0.057530818,0.058519208,BGR,
Burkina Faso,0.118110236,-0.042253521,0.007352941,0.072992701,0.023809524,0.019933555,0.208469055,0.210242588,0.16481069,0.007648184,0.015180266,0.127102804,0.189054726,0.163179916,-0.005974181,0.02049773,1.978910249,BFA,
Burundi,0.012820513,-0.291139241,0.035714286,-0.24137931,0.227272727,-0.222222222,0.214285714,0,0.019607843,0,0.115384615,0.137931034,0.166666667,0.038961039,0.026291466,0.011702243,0.051444433,BDI,
Cabo Verde,0.085106383,0.117647059,0.157894737,0.272727273,0.071428571,0.044444444,0.085106383,0.058823529,-0.222222222,0.071428571,0.455555556,0.106870229,-0.068965517,-0.103703704,-0.006599294,0.022656774,1.410291438,CPV,
Cambodia,0.042553191,0.139146568,-0.019543974,0.07807309,0.027734977,0.134932534,0.080581242,0.155256724,0.124867725,0.193791157,0.077226162,0.038771031,0.047887324,0.021505376,0.061181685,0.010268766,2.023301745,KHM,
Cameroon,0.114285714,-0.003205128,-0.001071811,0.110515021,0.042512077,-0.065801668,0.044642857,0.510921178,-0.049654305,0.212962963,0.008178844,-0.149269876,0.062301335,0.111909037,0.011894911,0.038717241,1.086424207,CMR,
Canada,0.040181757,-0.013408167,0.009289705,0.030611847,-0.003221176,-0.010572886,-0.00992026,0.039342403,-0.031199836,-0.059945926,0.022427488,0.005673768,0.009443455,0.017163685,0.001754924,-0.029739516,-0.026671878,CAN,
Central African Republic,0.013888889,-0.082191781,0,-0.044776119,0,0,0.0625,0.014705882,0,0,0.043478261,0.055555556,0.052631579,0.0125,-0.006599294,0.022656774,0.127240341,CAF,
Chad,0.454545455,-0.020833333,-0.021276596,1.260869565,-0.009615385,0.058252427,0.018348624,0.135135135,0.103174603,-0.035971223,0.052238806,0.042553191,0.006802721,0.121621622,-0.006599294,0.022656774,2.513348366,TCD,
Chile,-0.043703792,-0.093085604,0.034167469,0.007977132,0.075051111,0.034169683,0.048463637,0.105289958,0.002968878,-0.070225579,0.08151279,0.096787291,0.02184174,0.027126166,-0.021517271,-0.004557987,0.377380855,CHL,
China,0.017852154,0.053185936,0.092278843,0.180986743,0.165200253,0.1442877,0.101278542,0.087051216,0.020076929,0.05765821,0.066247308,0.091779614,0.02268815,0.033584677,0.002490104,-0.00736658,1.8648115,CHN,
Colombia,0.024982156,-0.028488225,-0.010882315,0.031622637,-0.040934926,0.106671994,0.032731649,-0.008098345,0.090631424,0.067158552,0.048195811,0.004814636,0.04369909,0.122073272,0.054939363,0.044634319,0.705154098,COL,
Comoros,0.095238095,0,0.043478261,0.083333333,0.038461538,0.037037037,0.107142857,0,0.032258065,0,0.09375,0.171428571,-0.024390244,0.1,-0.006599294,0.022656774,0.9434761,COM,
"Congo, Dem. Rep.",-0.411140584,0.027027027,0.109649123,0.063241107,0.215613383,0.250764526,0.063569682,0.085057471,0.05720339,-0.06012024,0.157782516,0.239410681,0.037147103,0.085959885,-0.006647749,0.021588118,2.464937017,ZAR,
"Congo, Rep.",0.276785714,-0.269230769,-0.248803828,0.592356688,0.036,0.034749035,0.138059701,0.085245902,0.078549849,0.302521008,0.129032258,0.16,0.067323481,0.041538462,0.017156375,0.046007058,1.518517516,COG,
Costa Rica,-0.008632138,0.052243804,0.098026735,0.047536232,0.045932485,-0.008994709,0.033635878,0.14411157,0.000902935,-0.027965719,-0.042227378,0.022771318,0.003315964,-0.019357885,0.025165755,0.019313804,0.453713037,CRI,
Cote d'Ivoire,0.083674664,0.137688985,-0.056953014,-0.250629089,0.403626595,0.021052632,-0.105904405,-0.031446541,0,-0.16504329,0.089436163,0.038072576,0.311174785,0.071241259,0.049901151,0.078573237,0.49865056,CIV,
Croatia,-0.02109907,0.058314271,0.051951057,0.060101077,-0.014985354,0.019413451,0.009939055,0.053639197,-0.049688356,-0.07378118,-0.035597694,-0.026872954,-0.089163668,-0.022202441,-0.040969385,0.019868045,-0.092574914,HRV,
Cuba,0.029675738,-0.024181077,0.025068434,-0.023190443,-0.018848921,0.040035196,0.053863508,-0.022344126,0.136170795,-0.017947483,0.283576598,-0.062207358,0.004687182,0.088032454,0.025414365,0.020774605,0.578684011,CUB,
Cyprus,0.036364386,-0.019275792,0.027278586,0.054219334,0.030075286,0.01929892,0.023899669,0.037555421,0.01910675,-0.028771692,-0.04385624,-0.038510564,-0.069595364,-0.099330852,0.0665038,0.006547309,-0.030276726,CYP,
Czech Republic,0.106038774,-0.0010363,-0.032099351,0.019292014,-0.043291474,0.028544512,0.016639189,0.009790084,-0.053561338,-0.077488688,0.036446624,-0.041869331,-0.054915277,-0.02351831,-0.025360706,0.001237925,-0.222622967,CZE,
Denmark,-0.072039483,0.0277591,-0.006519699,0.091888667,-0.090336558,-0.064094305,0.151910621,-0.079675224,-0.061672459,-0.047679839,0.008905059,-0.099363587,-0.103959467,0.048881423,-0.098737812,-0.079756975,-0.363136066,DNK,
Djibouti,0.081395349,0.075268817,0.09,0.055045872,-0.034782609,0.018018018,-0.008849558,0.125,0.079365079,-0.073529412,0.119047619,-0.085106383,0.093023256,0.177304965,-0.005804198,0.019911106,0.809920025,DJI,
Dominica,0.272727273,0.071428571,-0.066666667,0.142857143,-0.03125,0.032258065,-0.03125,0.35483871,-0.142857143,0,0.055555556,-0.078947368,0.057142857,-0.027027027,0.024332195,0.022473021,0.346595472,DMA,
Dominican Republic,0.066179376,0.001297017,0.07642487,0.008595496,-0.148968809,0.018025235,0.061381074,0.070250232,0.012296502,-0.040718563,0.052969502,0.01998645,0.03005646,-0.029663066,0.037109454,0.014967402,0.173947331,DOM,
Ecuador,-0.036165131,0.115752212,0.079314721,0.080834803,0.077100897,0.0419139,-0.046407367,0.104955527,0.062097516,0.062039844,0.058517688,0.041124916,0.020999075,0.075473408,0.033056624,-0.020890886,1.124992938,ECU,
"Egypt, Arab Rep.",0.12706536,-0.112324857,0.013884423,0.163293548,0.019925651,0.107984643,0.06805123,0.058828361,0.050207501,0.041030376,-0.019440552,0.071272227,-0.000439033,-0.01868401,0.005794746,0.021083686,0.547935606,EGY,
El Salvador,0.007722008,0.035759898,0.01541307,0.085003036,-0.028539452,0.013824885,0.060795455,0.019282271,-0.062007357,-0.015686275,-0.014228799,0.046766744,0.082735797,-0.116658176,0.021666038,0.020062799,0.153966501,SLV,
Equatorial Guinea,-0.03875969,5.806451613,0.609004739,0.208394698,-0.132845826,-0.096978215,0.009338521,0.00848111,-0.06116208,0.026058632,0.012698413,0.446708464,-0.138678223,-0.071698113,0.07880875,0.097363579,13.09157948,GNQ,
Eritrea,-0.017751479,0.036144578,-0.040697674,0.2,0.060606061,-0.004761905,-0.267942584,0.032679739,-0.284810127,0.238938053,0,0.157142857,0.111111111,0.011111111,-0.005330199,0.018276353,0.110472713,ERI,
Estonia,-0.024300231,0.023278796,-0.03056545,0.120698791,0.013179892,-0.042470669,-0.037426665,0.193143129,-0.079502873,-0.18022597,0.260070169,0.034549673,-0.062075768,0.13070087,-0.033100319,0.04940372,0.311198856,EST,
Ethiopia,0.1242741,0.226239669,0.038753159,0.103000811,0.061764706,-0.033240997,0.0752149,0.09260493,0.093902439,0.00780379,-0.006637168,0.173162584,0.108210726,0.241970021,0.021337374,0.011530039,2.095071237,ETH,
Fiji,0.077625571,0.288135593,-0.25,0.030701754,0.314893617,0.203883495,-0.002688172,-0.115902965,-0.582317073,1.124087591,0.498281787,-0.004587156,0.002304147,0.071264368,0.064798937,0.010294203,1.124170552,FJI,
Finland,-0.032265767,0.09599733,0.040098051,0.116651793,-0.051029304,-0.173048304,0.198368159,-0.024488834,-0.121296844,-0.048340255,0.147251724,-0.115141796,-0.097301607,0.016700063,-0.081739905,-0.077214602,-0.229069502,FIN,
France,-0.0083441,0.001413677,-0.011062337,0.02130112,0.002110801,0.012196697,-0.025683103,-0.022411654,-0.016201567,-0.045347386,0.025389069,-0.067432394,0.006570993,-0.001709175,-0.081069476,0.013574166,-0.178640366,FRA,
Gabon,-0.023646072,0.02265625,-0.0473644,0.015236568,0.009478673,0.043035994,-0.146286572,-0.013181019,0.011576135,0.039612676,0.047417443,-0.014551334,0.024610336,0.038430745,0.019709906,0.036499862,0.070966518,GAB,
"Gambia, The",0.071428571,0.026666667,0.116883117,0,0.023255814,0,0.045454545,0.173913043,0.037037037,0.0625,0.084033613,-0.07751938,0.084033613,0.03875969,-0.005565497,0.023740055,0.81890248,GMB,
Georgia,0.043881857,-0.168957154,-0.101167315,0.113636364,0.145772595,0.172179813,0.213458755,0.044126416,-0.195316962,0.144783534,-0.060756355,0.238943894,0.068726692,0.020937188,-0.013191276,0.023891285,0.672811786,GEO,
Germany,0.004422947,0.018182988,-0.018001925,0.001368254,-0.015565658,-0.022991457,0.01324135,-0.030349718,0.002872983,-0.075969466,0.055610963,-0.02376789,0.005600935,0.022957035,-0.051315876,0.006887809,-0.112193228,DEU,
Ghana,-0.039753639,0.100291545,0.072602014,0.028162055,-0.037001442,-0.048403194,0.338227583,0.05015674,-0.070149254,-0.156500803,0.291627022,-0.01252302,0.208131294,0.230935474,-0.000225774,0.026276787,1.385330458,GHA,
Greece,0.051438026,0.023176574,-0.00337587,0.038791475,0.004073191,0.033300412,-0.012736981,0.021022168,-0.033925101,-0.057012721,-0.066699201,-0.030217306,-0.03604956,-0.0859872,-0.039589034,-0.047444712,-0.26372956,GRC,
Greenland,-0.013605442,0.013793103,0,-0.013605442,0.096551724,0.044025157,0.030120482,0.01754386,0.034482759,-0.127777778,0.152866242,0.066298343,-0.196891192,0,0.024332195,0.022473021,0.119583209,GRL,
Grenada,-0.018867925,0.019230769,0.056603774,0.053571429,-0.050847458,0.053571429,0.06779661,0.031746032,0.061538462,0,0.028985507,-0.028169014,0.072463768,0.121621622,0.024332195,0.022473021,0.671734977,GRD,
Guatemala,0.110472279,0.071745562,0.044168392,-0.024124256,0.073145953,0.081729252,0.006126021,-0.001739635,-0.094684868,0.03689445,-0.015779703,0.014775228,0.011462206,0.13568147,0.033952168,0.016961592,0.441909614,GTM,
Guinea,0.005763689,0.014326648,0.019774011,0.013850416,0,-0.120218579,0,0.02484472,0.809090909,0.031825796,0.152597403,0.067605634,-0.071240106,-0.109375,-0.006062509,0.020802638,0.822816578,GIN,
Guinea-Bissau,-0.245283019,0.025,0.024390244,0.261904762,0.037735849,0.054545455,0.017241379,0.06779661,-0.015873016,0.032258065,0.015625,0.030769231,0.029850746,0.014492754,-0.006599294,0.022656774,0.777838932,GNB,
Guyana,-0.041484716,-0.009111617,-0.009195402,-0.009280742,0.039812646,-0.117117117,-0.102040816,0.210227273,-0.002347418,0.004705882,0.098360656,0.036247335,0.119341564,-0.029411765,0.024332195,0.022473021,0.259685362,GUY,
Haiti,0.027548209,0.147453083,0.163551402,-0.050200803,0.145877378,0.044280443,0.017667845,0.131944444,0.003067485,-0.05351682,-0.063004847,0.043103448,0.044628099,0.037974684,0.022811433,0.021099782,0.836786865,HTI,
Honduras,0.061098221,0.135568513,0.066110398,0.111378688,0.088299025,0.025385764,-0.072330097,0.252747253,-0.012113617,-0.09217759,0.013041453,0.122758621,0.003276003,0.008979592,0.031277942,0.017955646,0.891467742,HND,
"Hong Kong SAR, China",-0.053309297,-0.061389191,0.044246933,0.093903229,-0.038058187,0.051872692,-0.041374122,0.039584968,0.005871006,-0.041524222,-0.033057851,0.074493927,-0.00795445,0.035617826,-0.010735171,0.06830853,0.175863935,HKG,
Hungary,-0.052868451,0.028437062,-0.017126329,0.047459656,-0.024854398,0.001624445,-0.009576971,-0.022303821,-0.018724663,-0.099336349,0.009261986,-0.03523444,-0.069578693,-0.060803207,-0.008137086,0.047542396,-0.217560998,HUN,
Iceland,0.027695604,-0.006831508,0.031587924,-0.001138872,0.015864759,-0.013998594,0.050749388,0.101255778,0.102046526,-0.012704203,-0.039279609,-0.025116955,-0.002422645,0.003409701,-0.008961207,0.034828985,0.240840416,ISL,
India,0.03624037,0.009012435,0.012587831,0.043005367,0.04976606,0.059119529,0.06638052,0.079687337,0.114216716,0.108561822,-0.010902004,0.073892666,0.092995272,0.008049763,0.063205494,0.052156016,1.205925676,IND,
Indonesia,0.088557531,0.11953783,0.040113402,0.032780222,0.065794652,0.012902665,0.009146276,0.088158104,0.109215717,0.071656822,-0.039536049,0.337296021,0.045624896,-0.200445271,0.083917702,0.034741632,1.041020958,IDN,
"Iran, Islamic Rep.",-0.026229005,0.07028235,0.008361312,0.041414289,0.068331523,0.048620506,0.086508464,0.100749142,0.037519858,0.016301403,0.023306569,0.023048399,0.039887947,-0.041758029,0.034846156,0.014942444,0.739737612,IRN,
Iraq,0.002232143,0.178021867,0.022472393,0.044209111,0.252052479,-0.004917875,-0.129950255,-0.370707258,0.498643068,0.122352571,0.07316731,0.193718133,0.142485557,0.096723944,0.017658989,0.006639129,1.372966189,IRQ,
Ireland,0.066692868,0.052287476,-0.03222205,-0.008669945,0.010714235,0.041479203,-0.011391294,0.001838586,-0.006686997,-0.109786037,-0.010430665,-0.088143207,0.003600015,-0.025825745,-0.013235165,0.01887215,-0.174506573,IRL,
Israel,0.08197261,0.055376377,-0.059505276,0.05143768,-0.061516035,-0.035041938,0.096902968,0.009626673,0.082325581,-0.055597336,0.068426142,0.003620102,0.092563123,-0.058989173,-0.030847516,0.042337895,0.191467977,ISR,
Italy,0.011600608,0.012789171,0.005051284,0.033983761,0.006435409,-0.003717923,-0.008800307,-0.017173155,-0.021546017,-0.104827944,0.023869792,-0.028866247,-0.065207206,-0.070059744,-0.053131465,0.054227869,-0.223050722,ITA,
Jamaica,0.033076075,0.029882604,-0.035233161,0.041532402,0.000343761,-0.016151203,0.095005239,-0.160446571,0.05775076,-0.241738506,-0.062529607,0.064173825,-0.051282051,0.054554555,0.026760638,0.020303592,-0.214760177,JAM,
Japan,0.016930926,-0.013272742,0.029437803,0.003933416,-0.00081318,0.00577999,-0.015897365,0.026938962,-0.063906224,-0.058965782,0.043319942,0.040308255,0.027200593,0.011821441,-0.035088234,-0.022253418,-0.029011166,JPN,
Jordan,0.064434936,0.03192244,0.055224565,0.034527687,0.10138539,0.094530208,0.002960125,0.043229167,-0.031119987,0.025420818,-0.032495812,0.023026316,0.147233034,-0.002065201,0.028684758,0.004614324,0.653148194,JOR,
Kazakhstan,0.207337123,-0.052412366,0.134979366,0.108744311,0.048318242,0.072576129,0.116348783,0.029132624,-0.003641851,-0.021104392,0.120711286,-0.038428236,0.013386528,0.032067073,0.041930321,-0.034986314,0.702604506,KAZ,
Kenya,0.024152848,-0.100668779,-0.149510763,-0.152323976,0.128664495,0.123136123,0.118201285,0.026809651,0.041775457,0.205871822,-0.014251781,0.105421687,-0.070027248,0.062701436,0.022052199,0.012304107,0.320870977,KEN,
Kiribati,0.125,-0.222222222,0.571428571,0,0.090909091,0.416666667,0.117647059,-0.263157895,0.071428571,-0.266666667,0.545454545,0,0,0,0.06741651,0.010645861,1.037695701,KIR,
"Korea, Rep.",0.119282125,0.005882787,0.034292044,0.001252176,0.034450754,-0.040131389,0.016706274,0.053159744,0.024036043,0.002506845,0.113693359,0.040027177,-0.009027506,0.014414867,-0.001308731,0.001557976,0.324167294,KOR,
Kuwait,-0.00855281,0.076201561,0.010178765,0.029095031,0.060277829,0.126111047,0.031059402,0.01988368,0.099624701,0.055272373,0.026587702,0.01567039,0.111142443,-0.031504912,0.000259238,0.037755914,0.898521036,KWT,
Kyrgyz Republic,-0.007849294,-0.159810127,0.27306968,0.096893491,0.080242751,-0.082397004,-0.014965986,0.068370166,0.350355527,-0.113451412,-0.059935205,0.199310741,0.32183908,-0.027536232,-0.024434878,0.027137126,1.127747701,KGZ,
Lao PDR,0.011857708,-0.0703125,0.319327731,-0.044585987,0.266666667,0.007894737,0.104438642,-0.413711584,0.040322581,0.329457364,0.303206997,-0.008948546,0.329571106,0.006791171,0.041380895,0.01456506,1.447395943,LAO,
Latvia,-0.082151668,0.058712955,0.003853984,0.026197466,0.001361937,0.009774141,0.063761147,0.038887029,-0.049586668,-0.091019613,0.145716138,-0.087084771,-0.036579546,-0.022489327,-0.026320448,0.015842209,0.025797587,LVA,
Lebanon,-0.075383589,0.060606061,-0.010430839,0.136113657,-0.076038725,-0.035145165,-0.107918552,-0.067461324,0.277943976,0.21174718,-0.039515279,0.019747669,0.107046799,-0.002591513,0.028024565,5.72E-05,0.522591949,LBN,
Liberia,0.074074074,0.163793103,-0.007407407,0.067164179,0.174825175,0.18452381,0.025125628,-0.102941176,-0.158469945,-0.084415584,0.539007092,0.124423963,0.151639344,-0.071174377,-0.005967177,0.020473557,1.282364473,LBR,
Lithuania,-0.12070988,0.059820698,0.008511242,-0.000728278,0.04603286,0.057744592,0.025536053,0.092361088,-0.042295084,-0.149441731,0.070070261,0.022035741,0.004059749,-0.070673968,-0.019635221,0.004108214,0.083303334,LTU,
Luxembourg,0.101348138,0.058101626,0.081149566,0.037270179,0.136375839,0.021717061,-0.011369493,-0.049707176,-0.013712095,-0.046033414,0.051596216,-0.010131828,-0.026616101,-0.053025557,-0.046127066,0.013434486,0.129590456,LUX,
"Macao SAR, China",0.066985646,0.031390135,-0.095652174,0.007211538,0.124105012,0.063694268,-0.111776447,-0.053932584,0.48456057,0.1552,-0.250692521,0.188539741,-0.035769829,-0.046774194,0.06920839,0.013090364,0.435367685,MAC,
"Macedonia, FYR",0.029089772,-0.005471125,-0.088630807,0.034205231,-0.010376135,0.007863696,-0.03023407,-0.132081797,-0.009656238,-0.074882995,-0.010961214,0.091219096,-0.0453125,-0.074468085,-0.042905721,0.039697347,-0.315838929,MKD,
Madagascar,-0.022944551,-0.070450098,-0.290526316,0.376854599,0.0625,-0.036511156,-0.033684211,0.078431373,0.04040404,-0.062135922,0.105590062,0.18164794,0.152139461,0.154057772,0.12670499,-0.00492194,0.84080773,MDG,
Malawi,-0.06870229,-0.004098361,-0.008230453,0.082987552,0.019157088,-0.060150376,0.04,-0.015384615,0.16796875,-0.08361204,0.186131387,-0.003076923,-0.049382716,0.126623377,0.053542906,0.007644383,0.509729578,MWI,
Malaysia,0.164911327,0.078628091,-0.013843824,0.183291292,0.035197071,0.065068493,-0.038879432,0.102048849,0.103968254,-0.025629044,0.098959678,0.008828614,-0.007703186,0.081402367,0.010990482,0.041109499,0.979888973,MYS,
Maldives,0.069565217,0.024390244,0.285714286,-0.148148148,0.31884058,-0.098901099,0.262195122,0.028985507,0.079812207,0.047826087,0.01659751,0.06122449,0.130769231,-0.027210884,0.06741651,0.010645861,1.508382944,MDV,
Mali,0.032258065,0.008928571,0.022123894,-0.004329004,0.039130435,0.025104603,0.048979592,0.070038911,0.061818182,-0.246575342,0.195454545,0.08365019,-0.049122807,0.033210332,-0.006599294,0.022656774,0.269884952,MLI,
Malta,-0.001766242,0.056464053,-0.033871126,0.081941845,-0.023025657,0.050510937,0.014618713,0.019928564,-0.003261746,-0.048853661,0.002233822,0.035449877,0.029700155,-0.136846713,0.003013786,0.007398648,0.036295563,MLT,
Marshall Islands,0.166666667,0.047619048,0.045454545,0,0.043478261,-0.041666667,0.086956522,0.08,0,0.037037037,0,0,0,0,0.06741651,0.010645861,0.438373436,MHL,
Mauritania,0.022364217,0.084375,0.060518732,0.029891304,0.105540897,0.033412888,0.013856813,0.145785877,0.049701789,0.096590909,0.053540587,0.070491803,0.108728943,-0.002762431,-0.005794948,0.019879187,1.287767648,MRT,
Mauritius,0.108761329,0.064032698,0.007682458,0.060991105,0.009580838,0.066429419,0.101223582,0.016161616,0.021868787,-0.019455253,0.05952381,0.00093633,0.038353601,-0.084684685,0.156185438,-0.009629962,0.584975803,MUS,
Mexico,-0.000258774,0.034320446,-0.009546672,0.035878384,0.014408962,0.057485083,0.022628321,0.030486198,0.034051497,-0.050388346,-0.012028484,0.048559684,0.030213996,0.016051793,-0.015568849,-0.017885864,0.234984775,MEX,
"Micronesia, Fed. Sts.",0.15625,0.297297297,-0.166666667,0,0,-0.175,0.03030303,0.147058824,-0.153846154,0.393939394,-0.282608696,0.060606061,0.114285714,0.025641026,0.06741651,0.010645861,0.166248732,FSM,
Mongolia,-0.00631068,0.050317538,0.051162791,-0.030530973,0.064354176,0.001286449,0.097216274,0.284153005,-0.00212766,0.088333841,0.882171844,0.118513011,0.186519543,0.270812325,0.061475935,0.025274154,5.030064565,MNG,
Montenegro,0.110770145,0.074503164,0.069088496,0.06927851,0.092650366,0.089575033,-0.062831373,-0.055384615,0.221498371,-0.336,0.413654618,-0.004261364,-0.091298146,-0.037676609,-0.0445509,0.042069784,0.286825834,MNE,
Morocco,0.022674483,0.112372918,0.014292659,-0.018117331,0.153080152,0.056811447,0.03613203,0.059924225,0.052378173,-0.007902398,0.066238122,0.030865007,0.087343462,-0.066413329,0.070279291,0.010321881,0.867586442,MAR,
Mozambique,0.135802469,0.171195652,0.004640371,0.207852194,0.001912046,-0.051526718,0.086519115,0.142592593,0.001620746,0.116504854,0.08115942,0.178284182,-0.03185438,0.287896592,0.009129647,0.030938962,2.098436884,MOZ,
Myanmar,0.124693377,-0.135223555,0.055485498,0.069295102,0.262942272,-0.067236803,0.107809042,0.001997717,-0.238678439,0.043771044,0.223297491,0.142396718,-0.095409079,-0.025517437,0.083705476,0.037057874,0.404116694,MMR,
Namibia,-0.013215859,0.227678571,-0.127272727,0.064583333,0.046966732,0.177570093,0.007936508,0.014173228,0.409937888,-0.078193833,0.009557945,-0.088757396,0.194805195,-0.126086957,0.007221745,0.017160254,0.838622241,NAM,
Nepal,-0.046697039,0.064516129,-0.19640853,0.082402235,-0.060645161,0.15521978,-0.168846611,0.020028612,0.3085554,0.266881029,0.166666667,0.094271211,0.056328694,0.11229611,0.051496974,0.010926208,1.251701206,NPL,
Netherlands,0.004857279,0.028929413,-0.003247907,0.019298663,0.009331116,-0.022064811,-0.026853485,0.002347172,0.017300065,-0.030528052,0.068699616,-0.069783955,-0.024306855,-0.001141698,-0.046449685,0.028921319,-0.056414962,NLD,
New Zealand,0.026417727,0.068789983,0.005394625,0.049726156,-0.011877843,0.043860518,-0.003355774,-0.02312777,0.02790292,-0.076117368,0.006057485,-0.018581094,0.036501835,-0.014787314,0.014894121,-0.001295229,0.099360254,NZL,
Nicaragua,0.037411527,0.053606238,0.018501388,0.092643052,0.003325021,-0.024026512,0.033955857,0.031198686,-0.039808917,0.016583748,0.008972268,0.075990299,-0.042073629,-0.022745098,0.022477012,0.020797254,0.267545995,NIC,
Niger,-0.269230769,-0.057894737,0.067039106,0.083769634,0.072463768,-0.121621622,-0.030769231,0.042328042,0.121827411,0.194570136,0.212121212,0.13125,0.406077348,0.05108055,0.056572114,0.008572038,2.000587174,NER,
Nigeria,0.768222768,0.05266327,0.177278127,-0.050792346,0.041973461,0.078827042,-0.055378472,-0.03878671,0.011496027,-0.201906941,0.199130269,0.044315148,0.036863194,-0.040005889,0.035214959,0.054567583,0.318944452,NGA,
Norway,-0.01164508,0.031657151,-0.020089298,0.02932455,0.009413247,-0.01741408,0.008393521,0.043929501,-0.020739048,-0.037446224,0.060675639,-0.019353834,-0.008741904,-0.005490948,-0.009927976,0.002382921,0.042147719,NOR,
Oman,0.057375598,-0.073522023,0.25560376,0.271667147,-0.135967395,0.068134172,0.324828263,0.103333333,-0.02265861,0.032457496,0.14246507,0.115964184,0.053163731,0.033446888,-0.020517131,0.056587265,1.891887247,OMN,
Pakistan,0.060420091,0.017224155,0.053574452,0.042171579,0.106868581,0.038257914,0.069080272,0.087762018,0.001107752,-0.001475368,0.01611451,0.003794333,0.006496152,-0.059437336,0.059170538,0.055394961,0.610550692,PAK,
Palau,0,0.580645161,0,0.040816327,0,0.019607843,0.057692308,0.036363636,0,0,0.035087719,0.033898305,0,0,0.06741651,0.010645861,1.122760797,PLW,
Panama,0.021345408,0.210259658,-0.162218734,0.048094941,-0.056615018,0.178142767,0.077747989,-0.023383085,0.024452369,0.166086524,0.065671642,0.102040816,-0.001452433,0.027636364,0.037208965,0.016315553,0.886621856,PAN,
Papua New Guinea,0.089955022,0.203576341,0.086857143,0.131440589,0.137546468,-0.022875817,-0.017558528,0.420425532,-0.216297184,0.061926606,-0.084233261,0.121069182,-0.047685835,0.219440353,0.069806196,0.013904076,1.470744853,PNG,
Paraguay,-0.180781759,0.035785288,0.020153551,0.044214487,0.004504505,-0.062780269,0.040191388,0.037718491,0.076241135,0.014827018,0.128246753,0.043884892,-0.021364576,-0.045070423,0.022753115,0.02104704,0.407596798,PRY,
Peru,0.031976018,-0.103364803,0.000809935,-0.029673591,0.209063108,0.164290642,-0.060827491,0.231626538,-0.045159638,0.260616898,0.113900709,-0.138227429,0.098485408,0.048291633,0.019440787,0.036752375,0.993822652,PER,
Philippines,0.059968187,-0.030763844,0.004025599,0.002724375,0.035423181,0.010347559,-0.095408438,0.066143012,0.092678218,-0.016368286,0.09478561,0.007815874,0.067012297,0.075774003,0.061509201,0.087214042,0.546596454,PHL,
Poland,-0.031150845,-0.012052854,-0.024545155,0.041278234,0.012644903,-0.002796574,0.040597136,-0.00069084,-0.020608376,-0.040688285,0.057252343,-0.000935567,-0.021323252,-0.012729125,-0.037629236,0.017780487,-0.010327428,POL,
Portugal,-0.017401409,-0.003869084,0.057074215,-0.075033176,0.041773592,0.037573624,-0.066695935,-0.041286469,-0.033875724,-0.046999644,-0.080803389,-0.026289389,-0.032566065,-0.038599135,-0.005631378,0.074130738,-0.228835387,PRT,
Qatar,0.105779335,0.191954387,-0.011869962,0.015060511,0.034266537,0.186576723,0.245682211,-0.003119584,0.024745016,0.067522479,0.049054405,0.107660455,0.170184636,-0.096696276,-0.048073138,0.122921404,1.616874752,QAT,
Romania,0.048608561,0.057518199,0.002519572,0.048855241,-0.010628792,-0.022161511,0.037241024,-0.016005328,-0.032389296,-0.155498477,-0.054350205,0.062237174,-0.019668668,-0.117350302,-0.00019065,0.023238219,-0.202183109,ROM,
Russian Federation,-0.005600853,0.025466269,-0.007319296,0.024368827,0.004255872,0.011904895,0.037235261,-9.35E-05,0.019271404,-0.064287235,0.054477054,0.032868839,0.005970326,-0.035210846,0.002942947,-0.032672527,0.07495457,RUS,
Rwanda,0.035971223,0.006944444,0,-0.020689655,0.014084507,0,0,0.055555556,-0.026315789,0.060810811,0.025477707,0.124223602,0.110497238,0.084577114,-0.01073237,0.021185966,0.529370251,RWA,
Samoa,0,0.026315789,0,0.051282051,0.073170732,0.045454545,0.043478261,0.0625,0.019607843,0.038461538,0.037037037,0.142857143,0.078125,-0.057971014,0.06741651,0.010645861,0.845281711,WSM,
Sao Tome and Principe,0,0.076923077,0.142857143,0.125,0.111111111,0.05,0.095238095,0,0,0.086956522,0.08,0.037037037,0.107142857,0,-0.006599294,0.022656774,1.422549754,STP,
Saudi Arabia,0.311208628,0.000938561,0.098222107,0.002651328,0.209494891,0.004567141,0.088262417,-0.103898855,0.109335401,0.089711022,0.110471393,-0.038082223,0.130347858,-0.043408121,0.06281529,0.044461228,1.024089303,SAU,
Senegal,0.064420218,0.099627561,0.041490262,0.103252033,0.051584377,0.110721794,-0.186119874,0.095348837,-0.016985138,-0.100071994,0.6896,0.080492424,-0.0543383,0.064411492,0.031572294,0.009261952,1.226692695,SEN,
Serbia,0.110770145,0.074503164,0.069088496,0.06927851,0.092650366,0.089575033,-0.062831373,-0.028720804,-0.006780846,-0.113597973,-0.005558202,0.071143405,-0.104286247,0.018308921,-0.052004688,0.046910066,0.130002884,SRB,
Seychelles,0.122302158,0.108974359,-0.150289017,0.020408163,0.34,-0.064676617,0.063829787,-0.125,0.08,0.068783069,-0.069306931,-0.132978723,0.17791411,-0.083333333,-0.006599294,0.022656774,0.146152572,SYC,
Sierra Leone,0.16,0.336206897,0.070967742,0.072289157,-0.016853933,-0.148571429,0.342281879,-0.125,0.034285714,-0.016574586,0.112359551,0.237373737,0.146938776,0.15658363,-0.005726156,0.019641844,1.840396941,SLE,
Singapore,-0.021239197,0.010924873,-0.046632124,-0.340838509,-0.085394582,0.066194462,0.014494504,-0.353018216,0.813397129,0.024457073,0.187122338,-0.127837116,0.425277459,-0.074511647,0.042831674,0.045109818,0.124370519,SGP,
Slovak Republic,-0.04692546,0.056204137,-0.043124967,0.011228116,0.012277743,9.54E-05,-0.006118642,-0.037692967,0.012548077,-0.092221863,0.025445411,-0.013158186,-0.053139164,-0.013180071,-0.056723191,0.022774417,-0.170263675,SVK,
Slovenia,0.006974678,0.059805482,0.008639529,-0.014336339,0.021473198,0.01797885,0.011304408,0.008323342,0.054847756,-0.103817129,0.002156969,-0.00092833,-0.033523603,-0.041231274,-0.109497354,0.028447602,-0.102613243,SVN,
Solomon Islands,0,0.05,0,0.047619048,0,0,0,0.090909091,0.041666667,0.04,0.019230769,0.018867925,0,0,0.06741651,0.010645861,0.456353104,SLB,
South Africa,0.009137284,-0.017489323,-0.041406704,0.134089414,0.113058379,-0.073904225,0.074304713,0.043629546,0.064516635,0.011393198,-0.057949155,0.001980075,-0.006244982,-0.001763312,0.020325838,-0.037969829,0.221554937,ZAF,
Spain,0.043776676,0.00255353,0.063398627,0.013460471,0.049900701,0.043206901,-0.023543995,0.020076876,-0.085211372,-0.117194707,-0.043950774,0.001189354,-0.014399796,-0.098526203,0.004785653,0.075252091,-0.125349567,ESP,
Sri Lanka,0.188085106,0.020057307,0.05863764,0.00199005,0.110228401,-0.016100179,-0.01030303,0.031537048,-0.011872959,0.079303094,0.038964653,0.112777927,0.065238325,-0.012429379,0.060328955,0.011745975,0.679106062,LKA,
St. Kitts and Nevis,0,0,0.08,0.111111111,0.033333333,0.032258065,0,0.0625,0,0.044117647,0,0.028169014,0.04109589,0,0.024332195,0.022473021,0.591975091,KNA,
St. Vincent and the Grenadines,-0.111111111,0.225,0.040816327,0.058823529,0.111111111,0,0,0.033333333,0,0.370967742,-0.294117647,-0.1,0.277777778,-0.173913043,0.024332195,0.022473021,0.492476648,VCT,
Sudan,0.086393089,0.151093439,0.274611399,0.117434508,0.263540825,-0.04190659,0.093823038,0.175824176,0.055815161,0.043521023,0.024269557,-0.017713366,0.021311475,0.053526763,-0.005853505,0.020081246,2.08764647,SDN,
Suriname,0.032948929,0.074960128,-0.316023739,0,-0.013015184,0.010989011,0.080434783,0.036217304,0.050485437,0.038817006,0.274021352,-0.173184358,0.155405405,-0.162280702,0.024011502,0.022007744,-0.043585609,SUR,
Swaziland,-0.041420118,-0.037037037,-0.016025641,-0.074918567,-0.01056338,-0.010676157,-0.003597122,0.046931408,0.031034483,-0.046822742,-0.007017544,0.010600707,0.15034965,-0.097264438,0.122847695,-0.003780037,0.025386348,SWZ,
Sweden,-0.020242931,0.017473304,0.016972628,0.010095069,-0.013544531,-0.045536982,-0.002999483,-0.014636192,-0.03931359,-0.070116459,0.122500545,-0.073959955,-0.052386709,-0.03566368,-0.033280111,-0.020006357,-0.222799209,SWE,
Switzerland,-0.018230002,0.033443265,-0.036182462,0.027989005,0.01259727,0.013918649,-0.009325803,-0.04389713,0.030363159,-0.026140047,0.034888756,-0.090032858,0.030956967,0.022255475,-0.090700703,0.026710321,-0.074223303,CHE,
Tajikistan,-0.112081514,0.024590164,-0.1792,0.10331384,0.234982332,-0.0472103,0.088588589,0.216551724,-0.102040816,-0.15530303,0.037369208,-0.076368876,0.299531981,0.174069628,-0.014935046,0.022365638,0.614656451,TJK,
Tanzania,0.044797688,0.179806362,0.147713951,0.060265577,0.146435453,0.261344538,0.09526982,-0.02189781,0.041666667,-0.03641791,0.200743494,0.13880289,0.179429089,0.126392624,0.026304165,0.042735564,3.339862262,TZA,
Thailand,0.02921091,0.073533874,0.070513304,0.078014434,0.082884295,0.017597032,0.030525302,0.001107197,0.000215449,0.058977268,0.067191907,0.006073775,0.051252258,-0.006896137,0.021419041,0.009492962,0.724213066,THA,
Togo,-0.114558473,-0.145552561,0.059936909,0.1875,-0.045112782,-0.041994751,-0.087671233,0.153153153,0.1953125,0.653594771,-0.061923584,-0.077247191,-0.101978691,0.030508475,-0.004775805,0.016366307,0.657680601,TGO,
Tonga,-0.133333333,-0.076923077,0.166666667,0.142857143,-0.0625,0.033333333,0.129032258,-0.114285714,0.064516129,0.090909091,-0.111111111,-0.125,0.75,0.163265306,0.06741651,0.010645861,1.365017862,TON,
Trinidad and Tobago,0.047251688,0.052332719,0.082689223,0.024919181,0.104350112,-0.042246817,0.573310139,0.038145633,-0.032483834,-0.037820412,0.067663643,-0.021048603,-0.032603597,0.025781945,-0.013303531,-0.014081495,0.894844519,TTO,
Tunisia,0.086817363,0.044910731,0.002113792,0.018456671,0.049534001,0.016280217,0.014563107,0.048644338,0.029657795,-0.001477105,0.115828402,-0.059260241,0.037767756,0.024579033,0.055141669,0.079446224,0.58172626,TUN,
Turkey,0.126753935,-0.064845146,0.040906466,0.064219399,0.050931881,0.10253367,0.082632295,0.102484708,-0.028904094,-0.040044453,0.031476386,0.055368755,0.074037306,-0.022485211,0.076775635,0.01072769,0.661212706,TUR,
Turkmenistan,-0.003698297,0.014261991,0.049696619,0.115973943,0.043492559,0.038606997,0.024275527,0.131906384,0.014067919,-0.114208285,0.138039044,0.092555847,0.03837366,0.029225908,0.152078988,0.178367066,1.4191489,TKM,
Uganda,0.089385475,0.056410256,0.031553398,0.025882353,0.087155963,0.248945148,0.168918919,0.138728324,0.104060914,0.059770115,0.159436009,0.087932647,-0.042132416,0.198384201,0.028720393,0.010549668,2.558538523,UGA,
Ukraine,-0.044629948,0.0712705,-0.030385586,0.013411148,0.038615543,0.035678581,0.059364386,0.013823138,-0.039454438,-0.149703042,0.064967682,0.049318094,-0.01847968,-0.027965811,-0.138726977,-0.186026105,-0.257604026,UKR,
United Arab Emirates,0.436204557,-0.099035705,-0.164774371,0.261353305,0.059891543,0.02567922,0.066521437,0.094875818,0.16019575,0.067395307,-0.042551798,-0.007638984,0.080034008,-0.018765159,0.003576631,0.040716018,0.56924333,ARE,
United Kingdom,0.01345783,0.016776207,-0.028858385,0.020294702,0.001985309,-0.004967588,-0.003016127,-0.01487886,-0.024929165,-0.094280679,0.038001506,-0.084141694,0.041950827,-0.017663605,-0.086243652,-0.041389267,-0.257415041,GBR,
United States,0.02981042,-0.016349773,0.007002504,0.007842326,0.019171424,0.00422652,-0.013123685,0.013117317,-0.032418199,-0.07341993,0.036520465,-0.022719906,-0.03782475,0.028663987,0.009714767,-0.025637114,-0.096600246,USA,
Uruguay,-0.211014177,-0.040774015,-0.09221902,-0.004761905,0.220095694,0.029411765,0.151111111,-0.097076669,0.379963348,-0.025232404,-0.209809264,0.216666667,0.119981105,-0.125263602,0.023464202,0.020796834,0.497449524,URY,
Uzbekistan,0.023151305,0.017690001,0.039586868,-0.035130415,-0.026320475,-0.0618962,0.022967968,0.000539871,0.030946486,-0.100551091,-0.027657026,0.091350723,0.018740726,-0.108697717,0.038116357,0.02094089,-0.096267211,UZB,
Vanuatu,0,0.043478261,-0.041666667,0,-0.304347826,0,-0.1875,1.076923077,-0.037037037,0.269230769,0,0.090909091,-0.138888889,-0.064516129,0.06741651,0.010645861,0.360200967,VUT,
"Venezuela, RB",-0.119569592,0.132295626,0.120110485,-0.00627869,-0.210147556,0.088066122,0.026764693,-0.051485063,0.113987274,0.003767018,0.051622509,-0.054286268,0.110928816,-0.065995939,-0.020129889,-0.038087937,0.147290107,VEN,
Vietnam,0.124788559,0.139722469,0.158099922,0.112434616,0.149581006,0.083869923,0.046891347,0.020700239,0.12510927,0.143425428,0.092085236,0.098730712,-0.022583641,-0.035434531,0.104262843,0.093890495,2.436720221,VNM,
World,0.024389748,0.027856863,0.014271817,0.056524642,0.051031518,0.048188672,0.035554078,0.029256618,0.021455116,-0.010259684,0.037821125,0.036493581,0.015006025,0.013929427,0.007064753,0.000582172,0.458594116,WLD,
"Yemen, Rep.",0.053576141,0.110220441,-0.030009025,0.097697139,0.091121,0.061565352,0.037504574,0.008464116,0.065221193,0.099474721,-0.045983876,-0.160719875,-0.06992355,0.385725742,0.024589218,0.006023764,0.784724633,YEM,
Zambia,0.00811359,0.046277666,0.040384615,0.064695009,0.015625,0.066666667,-0.083333333,-0.152097902,0.226804124,0.157983193,0.07256894,0.082543978,0.18625,0.099051633,0.053896073,0.006358235,1.225759884,ZMB,
Zimbabwe,-0.120657712,-0.095338425,-0.05007278,-0.10940852,-0.109772884,0.135291844,-0.029962547,-0.053703054,-0.214020772,0.07267579,0.11174659,0.254847645,0.112267424,0.065494755,0.233135667,-0.022668813,0.1928032,ZWE,
